key,en_present,zh_present,consumer_scope,owner,sdk_key,compatibility_until
extend.account.activities.buy,true,true,sdk-domain-and-legacy-template,legacy-compat,account.activities.buy,stage-6
extend.account.activities.convert,true,true,sdk-domain-and-legacy-template,legacy-compat,account.activities.convert,stage-6
extend.account.activities.from,true,true,sdk-domain-and-legacy-template,legacy-compat,account.activities.from,stage-6
extend.account.activities.receive,true,true,sdk-domain-and-legacy-template,legacy-compat,account.activities.receive,stage-6
extend.account.activities.sell,true,true,sdk-domain-and-legacy-template,legacy-compat,account.activities.sell,stage-6
extend.account.activity,true,true,sdk-domain-and-legacy-template,legacy-compat,account.activity,stage-6
extend.account.add_cash,true,true,sdk-domain-and-legacy-template,legacy-compat,account.add_cash,stage-6
extend.account.add_cash_failed,true,true,sdk-domain-and-legacy-template,legacy-compat,account.add_cash_failed,stage-6
extend.account.address,true,true,sdk-domain-and-legacy-template,legacy-compat,account.address,stage-6
extend.account.allocation,true,true,sdk-domain-and-legacy-template,legacy-compat,account.allocation,stage-6
extend.account.asset,true,true,sdk-domain-and-legacy-template,legacy-compat,account.asset,stage-6
extend.account.assets.balance,true,true,sdk-domain-and-legacy-template,legacy-compat,account.assets.balance,stage-6
extend.account.assets.contract,true,true,sdk-domain-and-legacy-template,legacy-compat,account.assets.contract,stage-6
extend.account.assets.empty_tip,true,true,sdk-domain-and-legacy-template,legacy-compat,account.assets.empty_tip,stage-6
extend.account.assets.last_24h,true,true,sdk-domain-and-legacy-template,legacy-compat,account.assets.last_24h,stage-6
extend.account.assets.pnl,true,true,sdk-domain-and-legacy-template,legacy-compat,account.assets.pnl,stage-6
extend.account.assets.price,true,true,sdk-domain-and-legacy-template,legacy-compat,account.assets.price,stage-6
extend.account.assets.token,true,true,sdk-domain-and-legacy-template,legacy-compat,account.assets.token,stage-6
extend.account.assets.unrealized,true,true,sdk-domain-and-legacy-template,legacy-compat,account.assets.unrealized,stage-6
extend.account.balance,true,true,sdk-domain-and-legacy-template,legacy-compat,account.balance,stage-6
extend.account.balance_with_amount,true,true,sdk-domain-and-legacy-template,legacy-compat,account.balance_with_amount,stage-6
extend.account.convert,true,true,sdk-domain-and-legacy-template,legacy-compat,account.convert,stage-6
extend.account.convert_amount_half,true,true,sdk-domain-and-legacy-template,legacy-compat,account.convert_amount_half,stage-6
extend.account.convert_amount_max,true,true,sdk-domain-and-legacy-template,legacy-compat,account.convert_amount_max,stage-6
extend.account.convert_details,true,true,sdk-domain-and-legacy-template,legacy-compat,account.convert_details,stage-6
extend.account.convert_dex,true,true,sdk-domain-and-legacy-template,legacy-compat,account.convert_dex,stage-6
extend.account.convert_errors.amount_error,true,true,sdk-domain-and-legacy-template,legacy-compat,account.convert_errors.amount_error,stage-6
extend.account.convert_errors.amount_gt_balance,true,true,sdk-domain-and-legacy-template,legacy-compat,account.convert_errors.amount_gt_balance,stage-6
extend.account.convert_errors.route_error,true,true,sdk-domain-and-legacy-template,legacy-compat,account.convert_errors.route_error,stage-6
extend.account.convert_errors.route_expired,true,true,sdk-domain-and-legacy-template,legacy-compat,account.convert_errors.route_expired,stage-6
extend.account.convert_errors.token_not_found,true,true,sdk-domain-and-legacy-template,legacy-compat,account.convert_errors.token_not_found,stage-6
extend.account.convert_estimated_receive,true,true,sdk-domain-and-legacy-template,legacy-compat,account.convert_estimated_receive,stage-6
extend.account.convert_fee,true,true,sdk-domain-and-legacy-template,legacy-compat,account.convert_fee,stage-6
extend.account.convert_from,true,true,sdk-domain-and-legacy-template,legacy-compat,account.convert_from,stage-6
extend.account.convert_preview,true,true,sdk-domain-and-legacy-template,legacy-compat,account.convert_preview,stage-6
extend.account.convert_price,true,true,sdk-domain-and-legacy-template,legacy-compat,account.convert_price,stage-6
extend.account.convert_rate,true,true,sdk-domain-and-legacy-template,legacy-compat,account.convert_rate,stage-6
extend.account.convert_to,true,true,sdk-domain-and-legacy-template,legacy-compat,account.convert_to,stage-6
extend.account.convert_transaction_completed,true,true,sdk-domain-and-legacy-template,legacy-compat,account.convert_transaction_completed,stage-6
extend.account.convert_transaction_error,true,true,sdk-domain-and-legacy-template,legacy-compat,account.convert_transaction_error,stage-6
extend.account.convert_transaction_submitted,true,true,sdk-domain-and-legacy-template,legacy-compat,account.convert_transaction_submitted,stage-6
extend.account.convert_transaction_uncompleted,true,true,sdk-domain-and-legacy-template,legacy-compat,account.convert_transaction_uncompleted,stage-6
extend.account.convert_view_on_explorer,true,true,sdk-domain-and-legacy-template,legacy-compat,account.convert_view_on_explorer,stage-6
extend.account.copied,true,true,sdk-domain-and-legacy-template,legacy-compat,account.copied,stage-6
extend.account.copy_address,true,true,sdk-domain-and-legacy-template,legacy-compat,account.copy_address,stage-6
extend.account.hide_assets,true,true,sdk-domain-and-legacy-template,legacy-compat,account.hide_assets,stage-6
extend.account.nativeTotalBalance,true,true,sdk-domain-and-legacy-template,legacy-compat,account.nativeTotalBalance,stage-6
extend.account.other_tokens,true,true,sdk-domain-and-legacy-template,legacy-compat,account.other_tokens,stage-6
extend.account.paste,true,true,sdk-domain-and-legacy-template,legacy-compat,account.paste,stage-6
extend.account.pnl,true,true,sdk-domain-and-legacy-template,legacy-compat,account.pnl,stage-6
extend.account.portfolio,true,true,sdk-domain-and-legacy-template,legacy-compat,account.portfolio,stage-6
extend.account.primary_tokens,true,true,sdk-domain-and-legacy-template,legacy-compat,account.primary_tokens,stage-6
extend.account.receive,true,true,sdk-domain-and-legacy-template,legacy-compat,account.receive,stage-6
extend.account.receive_warning,true,true,sdk-domain-and-legacy-template,legacy-compat,account.receive_warning,stage-6
extend.account.receive_warning_chain,true,true,sdk-domain-and-legacy-template,legacy-compat,account.receive_warning_chain,stage-6
extend.account.red_pocket,true,true,sdk-domain-and-legacy-template,legacy-compat,account.red_pocket,stage-6
extend.account.redpacket,true,true,sdk-domain-and-legacy-template,legacy-compat,account.redpacket,stage-6
extend.account.select_asset,true,true,sdk-domain-and-legacy-template,legacy-compat,account.select_asset,stage-6
extend.account.sendToWallet,true,true,sdk-domain-and-legacy-template,legacy-compat,account.sendToWallet,stage-6
extend.account.send_amount,true,true,sdk-domain-and-legacy-template,legacy-compat,account.send_amount,stage-6
extend.account.trade,true,true,sdk-domain-and-legacy-template,legacy-compat,account.trade,stage-6
extend.account.transfer,true,true,sdk-domain-and-legacy-template,legacy-compat,account.transfer,stage-6
extend.account.transferComingSoon,true,true,sdk-domain-and-legacy-template,legacy-compat,account.transferComingSoon,stage-6
extend.account.transfer_amount_half,true,true,sdk-domain-and-legacy-template,legacy-compat,account.transfer_amount_half,stage-6
extend.account.transfer_amount_max,true,true,sdk-domain-and-legacy-template,legacy-compat,account.transfer_amount_max,stage-6
extend.account.transfer_errors.amount_error,true,true,sdk-domain-and-legacy-template,legacy-compat,account.transfer_errors.amount_error,stage-6
extend.account.transfer_errors.amount_gt_balance,true,true,sdk-domain-and-legacy-template,legacy-compat,account.transfer_errors.amount_gt_balance,stage-6
extend.account.transfer_errors.create_transaction_error,true,true,sdk-domain-and-legacy-template,legacy-compat,account.transfer_errors.create_transaction_error,stage-6
extend.account.transfer_errors.invalid_wallet_address,true,true,sdk-domain-and-legacy-template,legacy-compat,account.transfer_errors.invalid_wallet_address,stage-6
extend.account.transfer_errors.is_self,true,true,sdk-domain-and-legacy-template,legacy-compat,account.transfer_errors.is_self,stage-6
extend.account.transfer_fee,true,true,sdk-domain-and-legacy-template,legacy-compat,account.transfer_fee,stage-6
extend.account.transfer_from,true,true,sdk-domain-and-legacy-template,legacy-compat,account.transfer_from,stage-6
extend.account.transfer_placeholder,true,true,sdk-domain-and-legacy-template,legacy-compat,account.transfer_placeholder,stage-6
extend.account.transfer_placeholder_chain,true,true,sdk-domain-and-legacy-template,legacy-compat,account.transfer_placeholder_chain,stage-6
extend.account.transfer_preview,true,true,sdk-domain-and-legacy-template,legacy-compat,account.transfer_preview,stage-6
extend.account.transfer_to,true,true,sdk-domain-and-legacy-template,legacy-compat,account.transfer_to,stage-6
extend.account.transfer_transaction_error,true,true,sdk-domain-and-legacy-template,legacy-compat,account.transfer_transaction_error,stage-6
extend.account.transfer_transaction_submitted,true,true,sdk-domain-and-legacy-template,legacy-compat,account.transfer_transaction_submitted,stage-6
extend.account.transfer_view_on_explorer,true,true,sdk-domain-and-legacy-template,legacy-compat,account.transfer_view_on_explorer,stage-6
extend.account.universal_account,true,true,sdk-domain-and-legacy-template,legacy-compat,account.universal_account,stage-6
extend.account.usdcOnChain,true,true,sdk-domain-and-legacy-template,legacy-compat,account.usdcOnChain,stage-6
extend.account.wallet_address_chain,true,true,sdk-domain-and-legacy-template,legacy-compat,account.wallet_address_chain,stage-6
extend.account.withdraw,true,true,sdk-domain-and-legacy-template,legacy-compat,account.withdraw,stage-6
extend.account.withdraw_all,true,true,sdk-domain-and-legacy-template,legacy-compat,account.withdraw_all,stage-6
extend.account.withdraw_half,true,true,sdk-domain-and-legacy-template,legacy-compat,account.withdraw_half,stage-6
extend.auth.signin,true,true,apps-web,application,,
extend.auth.signout,true,true,apps-web,application,,
extend.common.confirm,true,true,apps-web,application,,
extend.common.copied,true,true,apps-web,application,,
extend.common.copied_token_address,true,true,apps-web,application,,
extend.common.no,true,true,apps-web,application,,
extend.common.no_data,true,true,apps-web,application,,
extend.common.none,true,true,apps-web,application,,
extend.common.or,true,true,apps-web,application,,
extend.common.safe,true,true,apps-web,application,,
extend.common.save,true,true,apps-web,application,,
extend.common.show_less,true,true,apps-web,application,,
extend.common.show_more,true,true,apps-web,application,,
extend.common.signin,true,true,apps-web,application,,
extend.common.submit,true,true,apps-web,application,,
extend.common.time.1M,true,true,apps-web,application,,
extend.common.time.1d,true,true,apps-web,application,,
extend.common.time.1w,true,true,apps-web,application,,
extend.common.time.24h,true,true,apps-web,application,,
extend.common.time.3M,true,true,apps-web,application,,
extend.common.time.6M,true,true,apps-web,application,,
extend.common.unauthenticated,true,true,apps-web,application,,
extend.common.unsafe,true,true,apps-web,application,,
extend.common.yes,true,true,apps-web,application,,
extend.description,true,true,apps-web,application,,
extend.footer.account,true,true,apps-web,application,,
extend.footer.pulse,true,true,apps-web,application,,
extend.footer.search,true,true,apps-web,application,,
extend.footer.token_list,true,true,apps-web,application,,
extend.footer.track,true,true,apps-web,application,,
extend.footer.trade,true,true,apps-web,application,,
extend.header.account,true,true,apps-web,application,,
extend.header.account_settings,true,true,apps-web,application,,
extend.header.account_wallet,true,true,apps-web,application,,
extend.header.channels,true,true,apps-web,application,,
extend.header.home,true,true,apps-web,application,,
extend.header.language,true,true,apps-web,application,,
extend.header.launchpad,true,true,apps-web,application,,
extend.header.predict,true,true,apps-web,application,,
extend.header.pulse,true,true,apps-web,application,,
extend.header.search_placeholder,true,true,apps-web,application,,
extend.header.settings,true,true,apps-web,application,,
extend.header.trade,true,true,apps-web,application,,
extend.hlDeposit.balance,true,true,sdk-domain-and-legacy-template,legacy-compat,hlDeposit.balance,stage-6
extend.hlDeposit.confirm,true,true,sdk-domain-and-legacy-template,legacy-compat,hlDeposit.confirm,stage-6
extend.hlDeposit.converting,true,true,sdk-domain-and-legacy-template,legacy-compat,hlDeposit.converting,stage-6
extend.hlDeposit.enterAmount,true,true,sdk-domain-and-legacy-template,legacy-compat,hlDeposit.enterAmount,stage-6
extend.hlDeposit.entry,true,true,sdk-domain-and-legacy-template,legacy-compat,hlDeposit.entry,stage-6
extend.hlDeposit.entryShort,true,true,sdk-domain-and-legacy-template,legacy-compat,hlDeposit.entryShort,stage-6
extend.hlDeposit.errorInsufficient,true,true,sdk-domain-and-legacy-template,legacy-compat,hlDeposit.errorInsufficient,stage-6
extend.hlDeposit.errorInvalid,true,true,sdk-domain-and-legacy-template,legacy-compat,hlDeposit.errorInvalid,stage-6
extend.hlDeposit.errorQuote,true,true,sdk-domain-and-legacy-template,legacy-compat,hlDeposit.errorQuote,stage-6
extend.hlDeposit.exchangeSubtitle,true,true,sdk-domain-and-legacy-template,legacy-compat,hlDeposit.exchangeSubtitle,stage-6
extend.hlDeposit.fetchingQuote,true,true,sdk-domain-and-legacy-template,legacy-compat,hlDeposit.fetchingQuote,stage-6
extend.hlDeposit.gaining,true,true,sdk-domain-and-legacy-template,legacy-compat,hlDeposit.gaining,stage-6
extend.hlDeposit.max,true,true,sdk-domain-and-legacy-template,legacy-compat,hlDeposit.max,stage-6
extend.hlDeposit.needsConfig,true,true,sdk-domain-and-legacy-template,legacy-compat,hlDeposit.needsConfig,stage-6
extend.hlDeposit.needsEvmWallet,true,true,sdk-domain-and-legacy-template,legacy-compat,hlDeposit.needsEvmWallet,stage-6
extend.hlDeposit.needsSolWallet,true,true,sdk-domain-and-legacy-template,legacy-compat,hlDeposit.needsSolWallet,stage-6
extend.hlDeposit.platformFee,true,true,sdk-domain-and-legacy-template,legacy-compat,hlDeposit.platformFee,stage-6
extend.hlDeposit.rate,true,true,sdk-domain-and-legacy-template,legacy-compat,hlDeposit.rate,stage-6
extend.hlDeposit.signing,true,true,sdk-domain-and-legacy-template,legacy-compat,hlDeposit.signing,stage-6
extend.hlDeposit.title,true,true,sdk-domain-and-legacy-template,legacy-compat,hlDeposit.title,stage-6
extend.hlDeposit.usdcLabel,true,true,sdk-domain-and-legacy-template,legacy-compat,hlDeposit.usdcLabel,stage-6
extend.hlDeposit.waitingQuote,true,true,sdk-domain-and-legacy-template,legacy-compat,hlDeposit.waitingQuote,stage-6
extend.languages.en,true,true,apps-web,application,,
extend.languages.zh,true,true,apps-web,application,,
extend.launchpad.advanced_options,true,true,sdk-domain-and-legacy-template,legacy-compat,launchpad.advanced_options,stage-6
extend.launchpad.basic_options,true,true,sdk-domain-and-legacy-template,legacy-compat,launchpad.basic_options,stage-6
extend.launchpad.curve_preview,true,true,sdk-domain-and-legacy-template,legacy-compat,launchpad.curve_preview,stage-6
extend.launchpad.curve_preview_migration_mc,true,true,sdk-domain-and-legacy-template,legacy-compat,launchpad.curve_preview_migration_mc,stage-6
extend.launchpad.curve_preview_starting_mc,true,true,sdk-domain-and-legacy-template,legacy-compat,launchpad.curve_preview_starting_mc,stage-6
extend.launchpad.curve_preview_token_supply,true,true,sdk-domain-and-legacy-template,legacy-compat,launchpad.curve_preview_token_supply,stage-6
extend.launchpad.description_label,true,true,sdk-domain-and-legacy-template,legacy-compat,launchpad.description_label,stage-6
extend.launchpad.description_placeholder,true,true,sdk-domain-and-legacy-template,legacy-compat,launchpad.description_placeholder,stage-6
extend.launchpad.error_image_required,true,true,sdk-domain-and-legacy-template,legacy-compat,launchpad.error_image_required,stage-6
extend.launchpad.error_image_upload,true,true,sdk-domain-and-legacy-template,legacy-compat,launchpad.error_image_upload,stage-6
extend.launchpad.error_image_url,true,true,sdk-domain-and-legacy-template,legacy-compat,launchpad.error_image_url,stage-6
extend.launchpad.error_locked_max,true,true,sdk-domain-and-legacy-template,legacy-compat,launchpad.error_locked_max,stage-6
extend.launchpad.error_locked_min,true,true,sdk-domain-and-legacy-template,legacy-compat,launchpad.error_locked_min,stage-6
extend.launchpad.error_locked_sum_by_sold,true,true,sdk-domain-and-legacy-template,legacy-compat,launchpad.error_locked_sum_by_sold,stage-6
extend.launchpad.error_name_length,true,true,sdk-domain-and-legacy-template,legacy-compat,launchpad.error_name_length,stage-6
extend.launchpad.error_name_required,true,true,sdk-domain-and-legacy-template,legacy-compat,launchpad.error_name_required,stage-6
extend.launchpad.error_quote_mint_required,true,true,sdk-domain-and-legacy-template,legacy-compat,launchpad.error_quote_mint_required,stage-6
extend.launchpad.error_raised_min,true,true,sdk-domain-and-legacy-template,legacy-compat,launchpad.error_raised_min,stage-6
extend.launchpad.error_raised_required,true,true,sdk-domain-and-legacy-template,legacy-compat,launchpad.error_raised_required,stage-6
extend.launchpad.error_sold_max,true,true,sdk-domain-and-legacy-template,legacy-compat,launchpad.error_sold_max,stage-6
extend.launchpad.error_sold_min,true,true,sdk-domain-and-legacy-template,legacy-compat,launchpad.error_sold_min,stage-6
extend.launchpad.error_sold_required,true,true,sdk-domain-and-legacy-template,legacy-compat,launchpad.error_sold_required,stage-6
extend.launchpad.error_supply_required,true,true,sdk-domain-and-legacy-template,legacy-compat,launchpad.error_supply_required,stage-6
extend.launchpad.error_telegram_invalid,true,true,sdk-domain-and-legacy-template,legacy-compat,launchpad.error_telegram_invalid,stage-6
extend.launchpad.error_ticker_length,true,true,sdk-domain-and-legacy-template,legacy-compat,launchpad.error_ticker_length,stage-6
extend.launchpad.error_ticker_required,true,true,sdk-domain-and-legacy-template,legacy-compat,launchpad.error_ticker_required,stage-6
extend.launchpad.error_twitter_invalid,true,true,sdk-domain-and-legacy-template,legacy-compat,launchpad.error_twitter_invalid,stage-6
extend.launchpad.error_vesting_cliff_min,true,true,sdk-domain-and-legacy-template,legacy-compat,launchpad.error_vesting_cliff_min,stage-6
extend.launchpad.error_vesting_cliff_required,true,true,sdk-domain-and-legacy-template,legacy-compat,launchpad.error_vesting_cliff_required,stage-6
extend.launchpad.error_vesting_duration_min,true,true,sdk-domain-and-legacy-template,legacy-compat,launchpad.error_vesting_duration_min,stage-6
extend.launchpad.error_vesting_duration_required,true,true,sdk-domain-and-legacy-template,legacy-compat,launchpad.error_vesting_duration_required,stage-6
extend.launchpad.error_website_invalid,true,true,sdk-domain-and-legacy-template,legacy-compat,launchpad.error_website_invalid,stage-6
extend.launchpad.image_explained,true,true,sdk-domain-and-legacy-template,legacy-compat,launchpad.image_explained,stage-6
extend.launchpad.image_label,true,true,sdk-domain-and-legacy-template,legacy-compat,launchpad.image_label,stage-6
extend.launchpad.image_placeholder,true,true,sdk-domain-and-legacy-template,legacy-compat,launchpad.image_placeholder,stage-6
extend.launchpad.image_reupload_action,true,true,sdk-domain-and-legacy-template,legacy-compat,launchpad.image_reupload_action,stage-6
extend.launchpad.image_upload_action,true,true,sdk-domain-and-legacy-template,legacy-compat,launchpad.image_upload_action,stage-6
extend.launchpad.locked_explained,true,true,sdk-domain-and-legacy-template,legacy-compat,launchpad.locked_explained,stage-6
extend.launchpad.locked_label,true,true,sdk-domain-and-legacy-template,legacy-compat,launchpad.locked_label,stage-6
extend.launchpad.locked_placeholder,true,true,sdk-domain-and-legacy-template,legacy-compat,launchpad.locked_placeholder,stage-6
extend.launchpad.magic_launch,true,true,sdk-domain-and-legacy-template,legacy-compat,launchpad.magic_launch,stage-6
extend.launchpad.magic_launch_explained,true,true,sdk-domain-and-legacy-template,legacy-compat,launchpad.magic_launch_explained,stage-6
extend.launchpad.magic_launch_placeholder,true,true,sdk-domain-and-legacy-template,legacy-compat,launchpad.magic_launch_placeholder,stage-6
extend.launchpad.magic_launch_submit,true,true,sdk-domain-and-legacy-template,legacy-compat,launchpad.magic_launch_submit,stage-6
extend.launchpad.mint_transaction_completed,true,true,sdk-domain-and-legacy-template,legacy-compat,launchpad.mint_transaction_completed,stage-6
extend.launchpad.mint_transaction_error,true,true,sdk-domain-and-legacy-template,legacy-compat,launchpad.mint_transaction_error,stage-6
extend.launchpad.mint_transaction_submitted,true,true,sdk-domain-and-legacy-template,legacy-compat,launchpad.mint_transaction_submitted,stage-6
extend.launchpad.mint_transaction_uncompleted,true,true,sdk-domain-and-legacy-template,legacy-compat,launchpad.mint_transaction_uncompleted,stage-6
extend.launchpad.name_label,true,true,sdk-domain-and-legacy-template,legacy-compat,launchpad.name_label,stage-6
extend.launchpad.name_placeholder,true,true,sdk-domain-and-legacy-template,legacy-compat,launchpad.name_placeholder,stage-6
extend.launchpad.quote_mint_label,true,true,sdk-domain-and-legacy-template,legacy-compat,launchpad.quote_mint_label,stage-6
extend.launchpad.quote_mint_placeholder,true,true,sdk-domain-and-legacy-template,legacy-compat,launchpad.quote_mint_placeholder,stage-6
extend.launchpad.raised_explained,true,true,sdk-domain-and-legacy-template,legacy-compat,launchpad.raised_explained,stage-6
extend.launchpad.raised_label,true,true,sdk-domain-and-legacy-template,legacy-compat,launchpad.raised_label,stage-6
extend.launchpad.raised_placeholder,true,true,sdk-domain-and-legacy-template,legacy-compat,launchpad.raised_placeholder,stage-6
extend.launchpad.remaining_explained,true,true,sdk-domain-and-legacy-template,legacy-compat,launchpad.remaining_explained,stage-6
extend.launchpad.remaining_label,true,true,sdk-domain-and-legacy-template,legacy-compat,launchpad.remaining_label,stage-6
extend.launchpad.remaining_placeholder,true,true,sdk-domain-and-legacy-template,legacy-compat,launchpad.remaining_placeholder,stage-6
extend.launchpad.share_fee_explained,true,true,sdk-domain-and-legacy-template,legacy-compat,launchpad.share_fee_explained,stage-6
extend.launchpad.share_fee_label,true,true,sdk-domain-and-legacy-template,legacy-compat,launchpad.share_fee_label,stage-6
extend.launchpad.socials_options,true,true,sdk-domain-and-legacy-template,legacy-compat,launchpad.socials_options,stage-6
extend.launchpad.sold_explained,true,true,sdk-domain-and-legacy-template,legacy-compat,launchpad.sold_explained,stage-6
extend.launchpad.sold_label,true,true,sdk-domain-and-legacy-template,legacy-compat,launchpad.sold_label,stage-6
extend.launchpad.sold_placeholder,true,true,sdk-domain-and-legacy-template,legacy-compat,launchpad.sold_placeholder,stage-6
extend.launchpad.submit,true,true,sdk-domain-and-legacy-template,legacy-compat,launchpad.submit,stage-6
extend.launchpad.supply_label,true,true,sdk-domain-and-legacy-template,legacy-compat,launchpad.supply_label,stage-6
extend.launchpad.supply_placeholder,true,true,sdk-domain-and-legacy-template,legacy-compat,launchpad.supply_placeholder,stage-6
extend.launchpad.telegram_label,true,true,sdk-domain-and-legacy-template,legacy-compat,launchpad.telegram_label,stage-6
extend.launchpad.telegram_placeholder,true,true,sdk-domain-and-legacy-template,legacy-compat,launchpad.telegram_placeholder,stage-6
extend.launchpad.ticker_label,true,true,sdk-domain-and-legacy-template,legacy-compat,launchpad.ticker_label,stage-6
extend.launchpad.ticker_placeholder,true,true,sdk-domain-and-legacy-template,legacy-compat,launchpad.ticker_placeholder,stage-6
extend.launchpad.title,true,true,sdk-domain-and-legacy-template,legacy-compat,launchpad.title,stage-6
extend.launchpad.twitter_label,true,true,sdk-domain-and-legacy-template,legacy-compat,launchpad.twitter_label,stage-6
extend.launchpad.twitter_placeholder,true,true,sdk-domain-and-legacy-template,legacy-compat,launchpad.twitter_placeholder,stage-6
extend.launchpad.vesting_cliff_d,true,true,sdk-domain-and-legacy-template,legacy-compat,launchpad.vesting_cliff_d,stage-6
extend.launchpad.vesting_cliff_explained,true,true,sdk-domain-and-legacy-template,legacy-compat,launchpad.vesting_cliff_explained,stage-6
extend.launchpad.vesting_cliff_label,true,true,sdk-domain-and-legacy-template,legacy-compat,launchpad.vesting_cliff_label,stage-6
extend.launchpad.vesting_cliff_m,true,true,sdk-domain-and-legacy-template,legacy-compat,launchpad.vesting_cliff_m,stage-6
extend.launchpad.vesting_cliff_w,true,true,sdk-domain-and-legacy-template,legacy-compat,launchpad.vesting_cliff_w,stage-6
extend.launchpad.vesting_cliff_y,true,true,sdk-domain-and-legacy-template,legacy-compat,launchpad.vesting_cliff_y,stage-6
extend.launchpad.vesting_duration_d,true,true,sdk-domain-and-legacy-template,legacy-compat,launchpad.vesting_duration_d,stage-6
extend.launchpad.vesting_duration_explained,true,true,sdk-domain-and-legacy-template,legacy-compat,launchpad.vesting_duration_explained,stage-6
extend.launchpad.vesting_duration_label,true,true,sdk-domain-and-legacy-template,legacy-compat,launchpad.vesting_duration_label,stage-6
extend.launchpad.vesting_duration_m,true,true,sdk-domain-and-legacy-template,legacy-compat,launchpad.vesting_duration_m,stage-6
extend.launchpad.vesting_duration_w,true,true,sdk-domain-and-legacy-template,legacy-compat,launchpad.vesting_duration_w,stage-6
extend.launchpad.vesting_duration_y,true,true,sdk-domain-and-legacy-template,legacy-compat,launchpad.vesting_duration_y,stage-6
extend.launchpad.vesting_title,true,true,sdk-domain-and-legacy-template,legacy-compat,launchpad.vesting_title,stage-6
extend.launchpad.website_label,true,true,sdk-domain-and-legacy-template,legacy-compat,launchpad.website_label,stage-6
extend.launchpad.website_placeholder,true,true,sdk-domain-and-legacy-template,legacy-compat,launchpad.website_placeholder,stage-6
extend.nav.channels,true,true,apps-web,application,,
extend.nav.discover,true,true,apps-web,application,,
extend.nav.markets,true,true,apps-web,application,,
extend.nav.matches,true,true,apps-web,application,,
extend.nav.perpetuals,true,true,apps-web,application,,
extend.nav.portfolio,true,true,apps-web,application,,
extend.nav.predict,true,true,apps-web,application,,
extend.nav.pulse,true,true,apps-web,application,,
extend.network.stable,true,true,apps-web,application,,
extend.perpetuals.cancel.cancelFailed,true,true,sdk-domain-and-legacy-template,legacy-compat,perpetuals.cancel.cancelFailed,stage-6
extend.perpetuals.cancel.canceled,true,true,sdk-domain-and-legacy-template,legacy-compat,perpetuals.cancel.canceled,stage-6
extend.perpetuals.cancel.missingOrderId,true,true,sdk-domain-and-legacy-template,legacy-compat,perpetuals.cancel.missingOrderId,stage-6
extend.perpetuals.cancel.needsEvmWallet,true,true,sdk-domain-and-legacy-template,legacy-compat,perpetuals.cancel.needsEvmWallet,stage-6
extend.perpetuals.leverage.needsEvmWallet,true,true,sdk-domain-and-legacy-template,legacy-compat,perpetuals.leverage.needsEvmWallet,stage-6
extend.perpetuals.leverage.updateFailed,true,true,sdk-domain-and-legacy-template,legacy-compat,perpetuals.leverage.updateFailed,stage-6
extend.perpetuals.leverage.updated,true,true,sdk-domain-and-legacy-template,legacy-compat,perpetuals.leverage.updated,stage-6
extend.perpetuals.order.needsEvmWallet,true,true,sdk-domain-and-legacy-template,legacy-compat,perpetuals.order.needsEvmWallet,stage-6
extend.perpetuals.order.placeFailed,true,true,sdk-domain-and-legacy-template,legacy-compat,perpetuals.order.placeFailed,stage-6
extend.perpetuals.order.placed,true,true,sdk-domain-and-legacy-template,legacy-compat,perpetuals.order.placed,stage-6
extend.perpetuals.order.resting,true,true,sdk-domain-and-legacy-template,legacy-compat,perpetuals.order.resting,stage-6
extend.portfolio.allTimePnl,true,true,sdk-domain-and-legacy-template,legacy-compat,portfolio.allTimePnl,stage-6
extend.portfolio.allocation.noHoldings,true,true,sdk-domain-and-legacy-template,legacy-compat,portfolio.allocation.noHoldings,stage-6
extend.portfolio.allocation.noWallet,true,true,sdk-domain-and-legacy-template,legacy-compat,portfolio.allocation.noWallet,stage-6
extend.portfolio.allocation.title,true,true,sdk-domain-and-legacy-template,legacy-compat,portfolio.allocation.title,stage-6
extend.portfolio.buyingPower,true,true,sdk-domain-and-legacy-template,legacy-compat,portfolio.buyingPower,stage-6
extend.portfolio.cancel,true,true,sdk-domain-and-legacy-template,legacy-compat,portfolio.cancel,stage-6
extend.portfolio.cancelFailed,true,true,sdk-domain-and-legacy-template,legacy-compat,portfolio.cancelFailed,stage-6
extend.portfolio.cancelSuccess,true,true,sdk-domain-and-legacy-template,legacy-compat,portfolio.cancelSuccess,stage-6
extend.portfolio.copied,true,true,sdk-domain-and-legacy-template,legacy-compat,portfolio.copied,stage-6
extend.portfolio.copyAddress,true,true,sdk-domain-and-legacy-template,legacy-compat,portfolio.copyAddress,stage-6
extend.portfolio.filled,true,true,sdk-domain-and-legacy-template,legacy-compat,portfolio.filled,stage-6
extend.portfolio.filledTotal,true,true,sdk-domain-and-legacy-template,legacy-compat,portfolio.filledTotal,stage-6
extend.portfolio.headers.age,true,true,sdk-domain-and-legacy-template,legacy-compat,portfolio.headers.age,stage-6
extend.portfolio.headers.amount,true,true,sdk-domain-and-legacy-template,legacy-compat,portfolio.headers.amount,stage-6
extend.portfolio.headers.balance,true,true,sdk-domain-and-legacy-template,legacy-compat,portfolio.headers.balance,stage-6
extend.portfolio.headers.change24h,true,true,sdk-domain-and-legacy-template,legacy-compat,portfolio.headers.change24h,stage-6
extend.portfolio.headers.pnl,true,true,sdk-domain-and-legacy-template,legacy-compat,portfolio.headers.pnl,stage-6
extend.portfolio.headers.price,true,true,sdk-domain-and-legacy-template,legacy-compat,portfolio.headers.price,stage-6
extend.portfolio.headers.token,true,true,sdk-domain-and-legacy-template,legacy-compat,portfolio.headers.token,stage-6
extend.portfolio.headers.tx,true,true,sdk-domain-and-legacy-template,legacy-compat,portfolio.headers.tx,stage-6
extend.portfolio.headers.type,true,true,sdk-domain-and-legacy-template,legacy-compat,portfolio.headers.type,stage-6
extend.portfolio.headers.value,true,true,sdk-domain-and-legacy-template,legacy-compat,portfolio.headers.value,stage-6
extend.portfolio.invested,true,true,sdk-domain-and-legacy-template,legacy-compat,portfolio.invested,stage-6
extend.portfolio.investedAssets,true,true,sdk-domain-and-legacy-template,legacy-compat,portfolio.investedAssets,stage-6
extend.portfolio.loadMore,true,true,sdk-domain-and-legacy-template,legacy-compat,portfolio.loadMore,stage-6
extend.portfolio.noActivities,true,true,sdk-domain-and-legacy-template,legacy-compat,portfolio.noActivities,stage-6
extend.portfolio.noAssets,true,true,sdk-domain-and-legacy-template,legacy-compat,portfolio.noAssets,stage-6
extend.portfolio.noOrders,true,true,sdk-domain-and-legacy-template,legacy-compat,portfolio.noOrders,stage-6
extend.portfolio.noPositions,true,true,sdk-domain-and-legacy-template,legacy-compat,portfolio.noPositions,stage-6
extend.portfolio.noTrades,true,true,sdk-domain-and-legacy-template,legacy-compat,portfolio.noTrades,stage-6
extend.portfolio.openOrders,true,true,sdk-domain-and-legacy-template,legacy-compat,portfolio.openOrders,stage-6
extend.portfolio.outcome,true,true,sdk-domain-and-legacy-template,legacy-compat,portfolio.outcome,stage-6
extend.portfolio.payout,true,true,sdk-domain-and-legacy-template,legacy-compat,portfolio.payout,stage-6
extend.portfolio.pnl,true,true,sdk-domain-and-legacy-template,legacy-compat,portfolio.pnl,stage-6
extend.portfolio.positions,true,true,sdk-domain-and-legacy-template,legacy-compat,portfolio.positions,stage-6
extend.portfolio.price,true,true,sdk-domain-and-legacy-template,legacy-compat,portfolio.price,stage-6
extend.portfolio.qty,true,true,sdk-domain-and-legacy-template,legacy-compat,portfolio.qty,stage-6
extend.portfolio.refresh,true,true,sdk-domain-and-legacy-template,legacy-compat,portfolio.refresh,stage-6
extend.portfolio.searchPositions,true,true,sdk-domain-and-legacy-template,legacy-compat,portfolio.searchPositions,stage-6
extend.portfolio.sell,true,true,sdk-domain-and-legacy-template,legacy-compat,portfolio.sell,stage-6
extend.portfolio.side,true,true,sdk-domain-and-legacy-template,legacy-compat,portfolio.side,stage-6
extend.portfolio.signInPrompt,true,true,sdk-domain-and-legacy-template,legacy-compat,portfolio.signInPrompt,stage-6
extend.portfolio.size,true,true,sdk-domain-and-legacy-template,legacy-compat,portfolio.size,stage-6
extend.portfolio.sortPnl,true,true,sdk-domain-and-legacy-template,legacy-compat,portfolio.sortPnl,stage-6
extend.portfolio.sortShares,true,true,sdk-domain-and-legacy-template,legacy-compat,portfolio.sortShares,stage-6
extend.portfolio.sortValue,true,true,sdk-domain-and-legacy-template,legacy-compat,portfolio.sortValue,stage-6
extend.portfolio.status,true,true,sdk-domain-and-legacy-template,legacy-compat,portfolio.status,stage-6
extend.portfolio.tabs.activities,true,true,sdk-domain-and-legacy-template,legacy-compat,portfolio.tabs.activities,stage-6
extend.portfolio.tabs.assets,true,true,sdk-domain-and-legacy-template,legacy-compat,portfolio.tabs.assets,stage-6
extend.portfolio.time,true,true,sdk-domain-and-legacy-template,legacy-compat,portfolio.time,stage-6
extend.portfolio.title,true,true,sdk-domain-and-legacy-template,legacy-compat,portfolio.title,stage-6
extend.portfolio.total,true,true,sdk-domain-and-legacy-template,legacy-compat,portfolio.total,stage-6
extend.portfolio.totalBalance,true,true,sdk-domain-and-legacy-template,legacy-compat,portfolio.totalBalance,stage-6
extend.portfolio.totalNetWorth,true,true,sdk-domain-and-legacy-template,legacy-compat,portfolio.totalNetWorth,stage-6
extend.portfolio.tradeHistory,true,true,sdk-domain-and-legacy-template,legacy-compat,portfolio.tradeHistory,stage-6
extend.portfolio.type,true,true,sdk-domain-and-legacy-template,legacy-compat,portfolio.type,stage-6
extend.predict.account.availableBalance,true,true,sdk-domain-and-legacy-template,legacy-compat,predict.account.availableBalance,stage-6
extend.predict.account.portfolioTotal,true,true,sdk-domain-and-legacy-template,legacy-compat,predict.account.portfolioTotal,stage-6
extend.predict.account.positions,true,true,sdk-domain-and-legacy-template,legacy-compat,predict.account.positions,stage-6
extend.predict.account.totalBalance,true,true,sdk-domain-and-legacy-template,legacy-compat,predict.account.totalBalance,stage-6
extend.predict.deposit.copy,true,true,sdk-domain-and-legacy-template,legacy-compat,predict.deposit.copy,stage-6
extend.predict.deposit.kalshiNote,true,true,sdk-domain-and-legacy-template,legacy-compat,predict.deposit.kalshiNote,stage-6
extend.predict.deposit.polymarketNote,true,true,sdk-domain-and-legacy-template,legacy-compat,predict.deposit.polymarketNote,stage-6
extend.predict.deposit.title,true,true,sdk-domain-and-legacy-template,legacy-compat,predict.deposit.title,stage-6
extend.predict.deposit.walletNotConnected,true,true,sdk-domain-and-legacy-template,legacy-compat,predict.deposit.walletNotConnected,stage-6
extend.predict.fundWallet.addressPlaceholder,true,true,sdk-domain-and-legacy-template,legacy-compat,predict.fundWallet.addressPlaceholder,stage-6
extend.predict.fundWallet.amount,true,true,sdk-domain-and-legacy-template,legacy-compat,predict.fundWallet.amount,stage-6
extend.predict.fundWallet.available,true,true,sdk-domain-and-legacy-template,legacy-compat,predict.fundWallet.available,stage-6
extend.predict.fundWallet.confirming,true,true,sdk-domain-and-legacy-template,legacy-compat,predict.fundWallet.confirming,stage-6
extend.predict.fundWallet.copyAddress,true,true,sdk-domain-and-legacy-template,legacy-compat,predict.fundWallet.copyAddress,stage-6
extend.predict.fundWallet.currentBalance,true,true,sdk-domain-and-legacy-template,legacy-compat,predict.fundWallet.currentBalance,stage-6
extend.predict.fundWallet.deposit,true,true,sdk-domain-and-legacy-template,legacy-compat,predict.fundWallet.deposit,stage-6
extend.predict.fundWallet.depositInfo,true,true,sdk-domain-and-legacy-template,legacy-compat,predict.fundWallet.depositInfo,stage-6
extend.predict.fundWallet.depositMinAmount,true,true,sdk-domain-and-legacy-template,legacy-compat,predict.fundWallet.depositMinAmount,stage-6
extend.predict.fundWallet.depositSubtitle,true,true,sdk-domain-and-legacy-template,legacy-compat,predict.fundWallet.depositSubtitle,stage-6
extend.predict.fundWallet.depositTitle,true,true,sdk-domain-and-legacy-template,legacy-compat,predict.fundWallet.depositTitle,stage-6
extend.predict.fundWallet.destinationAddress,true,true,sdk-domain-and-legacy-template,legacy-compat,predict.fundWallet.destinationAddress,stage-6
extend.predict.fundWallet.errorInsufficientGas,true,true,sdk-domain-and-legacy-template,legacy-compat,predict.fundWallet.errorInsufficientGas,stage-6
extend.predict.fundWallet.errorProviderUnavailable,true,true,sdk-domain-and-legacy-template,legacy-compat,predict.fundWallet.errorProviderUnavailable,stage-6
extend.predict.fundWallet.errorTxCancelled,true,true,sdk-domain-and-legacy-template,legacy-compat,predict.fundWallet.errorTxCancelled,stage-6
extend.predict.fundWallet.errorUnsupportedChain,true,true,sdk-domain-and-legacy-template,legacy-compat,predict.fundWallet.errorUnsupportedChain,stage-6
extend.predict.fundWallet.errorWalletNotConnected,true,true,sdk-domain-and-legacy-template,legacy-compat,predict.fundWallet.errorWalletNotConnected,stage-6
extend.predict.fundWallet.invalidAddress,true,true,sdk-domain-and-legacy-template,legacy-compat,predict.fundWallet.invalidAddress,stage-6
extend.predict.fundWallet.minDepositUsd,true,true,sdk-domain-and-legacy-template,legacy-compat,predict.fundWallet.minDepositUsd,stage-6
extend.predict.fundWallet.minWithdrawAmount,true,true,sdk-domain-and-legacy-template,legacy-compat,predict.fundWallet.minWithdrawAmount,stage-6
extend.predict.fundWallet.network,true,true,sdk-domain-and-legacy-template,legacy-compat,predict.fundWallet.network,stage-6
extend.predict.fundWallet.signing,true,true,sdk-domain-and-legacy-template,legacy-compat,predict.fundWallet.signing,stage-6
extend.predict.fundWallet.solForFees,true,true,sdk-domain-and-legacy-template,legacy-compat,predict.fundWallet.solForFees,stage-6
extend.predict.fundWallet.supported,true,true,sdk-domain-and-legacy-template,legacy-compat,predict.fundWallet.supported,stage-6
extend.predict.fundWallet.title,true,true,sdk-domain-and-legacy-template,legacy-compat,predict.fundWallet.title,stage-6
extend.predict.fundWallet.txSubmitted,true,true,sdk-domain-and-legacy-template,legacy-compat,predict.fundWallet.txSubmitted,stage-6
extend.predict.fundWallet.viewOnExplorer,true,true,sdk-domain-and-legacy-template,legacy-compat,predict.fundWallet.viewOnExplorer,stage-6
extend.predict.fundWallet.walletBalance,true,true,sdk-domain-and-legacy-template,legacy-compat,predict.fundWallet.walletBalance,stage-6
extend.predict.fundWallet.walletNotConnected,true,true,sdk-domain-and-legacy-template,legacy-compat,predict.fundWallet.walletNotConnected,stage-6
extend.predict.fundWallet.withdraw,true,true,sdk-domain-and-legacy-template,legacy-compat,predict.fundWallet.withdraw,stage-6
extend.predict.fundWallet.withdrawButton,true,true,sdk-domain-and-legacy-template,legacy-compat,predict.fundWallet.withdrawButton,stage-6
extend.predict.fundWallet.withdrawInfo,true,true,sdk-domain-and-legacy-template,legacy-compat,predict.fundWallet.withdrawInfo,stage-6
extend.predict.fundWallet.withdrawSubtitle,true,true,sdk-domain-and-legacy-template,legacy-compat,predict.fundWallet.withdrawSubtitle,stage-6
extend.predict.fundWallet.withdrawTitle,true,true,sdk-domain-and-legacy-template,legacy-compat,predict.fundWallet.withdrawTitle,stage-6
extend.predict.fundWallet.withdrawalConfirmed,true,true,sdk-domain-and-legacy-template,legacy-compat,predict.fundWallet.withdrawalConfirmed,stage-6
extend.predict.fundWallet.withdrawalFailed,true,true,sdk-domain-and-legacy-template,legacy-compat,predict.fundWallet.withdrawalFailed,stage-6
extend.predict.fundWallet.yourAddress,true,true,sdk-domain-and-legacy-template,legacy-compat,predict.fundWallet.yourAddress,stage-6
extend.predict.kyc.refresh,true,true,sdk-domain-and-legacy-template,legacy-compat,predict.kyc.refresh,stage-6
extend.predict.kyc.unverified,true,true,sdk-domain-and-legacy-template,legacy-compat,predict.kyc.unverified,stage-6
extend.predict.kyc.unverifiedShort,true,true,sdk-domain-and-legacy-template,legacy-compat,predict.kyc.unverifiedShort,stage-6
extend.predict.kyc.verified,true,true,sdk-domain-and-legacy-template,legacy-compat,predict.kyc.verified,stage-6
extend.predict.kyc.verifying,true,true,sdk-domain-and-legacy-template,legacy-compat,predict.kyc.verifying,stage-6
extend.predict.setup.done,true,true,sdk-domain-and-legacy-template,legacy-compat,predict.setup.done,stage-6
extend.predict.setup.modalDescription,true,true,sdk-domain-and-legacy-template,legacy-compat,predict.setup.modalDescription,stage-6
extend.predict.setup.modalTitle,true,true,sdk-domain-and-legacy-template,legacy-compat,predict.setup.modalTitle,stage-6
extend.predict.setup.setupButton,true,true,sdk-domain-and-legacy-template,legacy-compat,predict.setup.setupButton,stage-6
extend.predict.setup.step1,true,true,sdk-domain-and-legacy-template,legacy-compat,predict.setup.step1,stage-6
extend.predict.setup.step1Desc,true,true,sdk-domain-and-legacy-template,legacy-compat,predict.setup.step1Desc,stage-6
extend.predict.setup.step2,true,true,sdk-domain-and-legacy-template,legacy-compat,predict.setup.step2,stage-6
extend.predict.setup.step2Desc,true,true,sdk-domain-and-legacy-template,legacy-compat,predict.setup.step2Desc,stage-6
extend.predict.setup.stepComplete,true,true,sdk-domain-and-legacy-template,legacy-compat,predict.setup.stepComplete,stage-6
extend.predict.setup.stepPending,true,true,sdk-domain-and-legacy-template,legacy-compat,predict.setup.stepPending,stage-6
extend.predict.setup.stepRunning,true,true,sdk-domain-and-legacy-template,legacy-compat,predict.setup.stepRunning,stage-6
extend.predict.setup.unverified,true,true,sdk-domain-and-legacy-template,legacy-compat,predict.setup.unverified,stage-6
extend.predict.setup.unverifiedShort,true,true,sdk-domain-and-legacy-template,legacy-compat,predict.setup.unverifiedShort,stage-6
extend.predict.setup.verified,true,true,sdk-domain-and-legacy-template,legacy-compat,predict.setup.verified,stage-6
extend.predict.setup.verifying,true,true,sdk-domain-and-legacy-template,legacy-compat,predict.setup.verifying,stage-6
extend.predict.subnav.markets,true,true,sdk-domain-and-legacy-template,legacy-compat,predict.subnav.markets,stage-6
extend.predict.subnav.matches,true,true,sdk-domain-and-legacy-template,legacy-compat,predict.subnav.matches,stage-6
extend.predict.subnav.portfolio,true,true,sdk-domain-and-legacy-template,legacy-compat,predict.subnav.portfolio,stage-6
extend.predict.venue.kalshi,true,true,sdk-domain-and-legacy-template,legacy-compat,predict.venue.kalshi,stage-6
extend.predict.venue.polymarket,true,true,sdk-domain-and-legacy-template,legacy-compat,predict.venue.polymarket,stage-6
extend.pulse.bonding,true,true,sdk-domain-and-legacy-template,legacy-compat,pulse.bonding,stage-6
extend.pulse.bundle_holding,true,true,sdk-domain-and-legacy-template,legacy-compat,pulse.bundle_holding,stage-6
extend.pulse.buys_explained,true,true,sdk-domain-and-legacy-template,legacy-compat,pulse.buys_explained,stage-6
extend.pulse.copied_address,true,true,sdk-domain-and-legacy-template,legacy-compat,pulse.copied_address,stage-6
extend.pulse.copy_address,true,true,sdk-domain-and-legacy-template,legacy-compat,pulse.copy_address,stage-6
extend.pulse.dev,true,true,sdk-domain-and-legacy-template,legacy-compat,pulse.dev,stage-6
extend.pulse.dev_explorer,true,true,sdk-domain-and-legacy-template,legacy-compat,pulse.dev_explorer,stage-6
extend.pulse.dev_holding,true,true,sdk-domain-and-legacy-template,legacy-compat,pulse.dev_holding,stage-6
extend.pulse.fee,true,true,sdk-domain-and-legacy-template,legacy-compat,pulse.fee,stage-6
extend.pulse.fee_explained,true,true,sdk-domain-and-legacy-template,legacy-compat,pulse.fee_explained,stage-6
extend.pulse.final_stretch,true,true,sdk-domain-and-legacy-template,legacy-compat,pulse.final_stretch,stage-6
extend.pulse.holders,true,true,sdk-domain-and-legacy-template,legacy-compat,pulse.holders,stage-6
extend.pulse.insiders_holding,true,true,sdk-domain-and-legacy-template,legacy-compat,pulse.insiders_holding,stage-6
extend.pulse.kol,true,true,sdk-domain-and-legacy-template,legacy-compat,pulse.kol,stage-6
extend.pulse.market_cap,true,true,sdk-domain-and-legacy-template,legacy-compat,pulse.market_cap,stage-6
extend.pulse.market_cap_explained,true,true,sdk-domain-and-legacy-template,legacy-compat,pulse.market_cap_explained,stage-6
extend.pulse.migrated,true,true,sdk-domain-and-legacy-template,legacy-compat,pulse.migrated,stage-6
extend.pulse.new,true,true,sdk-domain-and-legacy-template,legacy-compat,pulse.new,stage-6
extend.pulse.pro,true,true,sdk-domain-and-legacy-template,legacy-compat,pulse.pro,stage-6
extend.pulse.sells_explained,true,true,sdk-domain-and-legacy-template,legacy-compat,pulse.sells_explained,stage-6
extend.pulse.sniper_holding,true,true,sdk-domain-and-legacy-template,legacy-compat,pulse.sniper_holding,stage-6
extend.pulse.title,true,true,sdk-domain-and-legacy-template,legacy-compat,pulse.title,stage-6
extend.pulse.top10_holdings,true,true,sdk-domain-and-legacy-template,legacy-compat,pulse.top10_holdings,stage-6
extend.pulse.txs,true,true,sdk-domain-and-legacy-template,legacy-compat,pulse.txs,stage-6
extend.pulse.txs_explained,true,true,sdk-domain-and-legacy-template,legacy-compat,pulse.txs_explained,stage-6
extend.pulse.volume,true,true,sdk-domain-and-legacy-template,legacy-compat,pulse.volume,stage-6
extend.pulse.volume_explained,true,true,sdk-domain-and-legacy-template,legacy-compat,pulse.volume_explained,stage-6
extend.redpacket.claim.action,true,true,sdk-domain-and-legacy-template,legacy-compat,redpacket.claim.action,stage-6
extend.redpacket.claim.error_fetch_red_packet,true,true,sdk-domain-and-legacy-template,legacy-compat,redpacket.claim.error_fetch_red_packet,stage-6
extend.redpacket.claim.error_red_packet_not_found,true,true,sdk-domain-and-legacy-template,legacy-compat,redpacket.claim.error_red_packet_not_found,stage-6
extend.redpacket.claim.error_red_packet_not_ongoing,true,true,sdk-domain-and-legacy-template,legacy-compat,redpacket.claim.error_red_packet_not_ongoing,stage-6
extend.redpacket.claim.message,true,true,sdk-domain-and-legacy-template,legacy-compat,redpacket.claim.message,stage-6
extend.redpacket.claim.transaction_completed,true,true,sdk-domain-and-legacy-template,legacy-compat,redpacket.claim.transaction_completed,stage-6
extend.redpacket.claim.transaction_confirm_error,true,true,sdk-domain-and-legacy-template,legacy-compat,redpacket.claim.transaction_confirm_error,stage-6
extend.redpacket.claim.transaction_error,true,true,sdk-domain-and-legacy-template,legacy-compat,redpacket.claim.transaction_error,stage-6
extend.redpacket.claim.transaction_submitted,true,true,sdk-domain-and-legacy-template,legacy-compat,redpacket.claim.transaction_submitted,stage-6
extend.redpacket.claims.self,true,true,sdk-domain-and-legacy-template,legacy-compat,redpacket.claims.self,stage-6
extend.redpacket.claims.title,true,true,sdk-domain-and-legacy-template,legacy-compat,redpacket.claims.title,stage-6
extend.redpacket.create.amount_error_exceeds_balance,true,true,sdk-domain-and-legacy-template,legacy-compat,redpacket.create.amount_error_exceeds_balance,stage-6
extend.redpacket.create.amount_error_is_positive,true,true,sdk-domain-and-legacy-template,legacy-compat,redpacket.create.amount_error_is_positive,stage-6
extend.redpacket.create.amount_error_required,true,true,sdk-domain-and-legacy-template,legacy-compat,redpacket.create.amount_error_required,stage-6
extend.redpacket.create.fixed.amount_label,true,true,sdk-domain-and-legacy-template,legacy-compat,redpacket.create.fixed.amount_label,stage-6
extend.redpacket.create.fixed.explained,true,true,sdk-domain-and-legacy-template,legacy-compat,redpacket.create.fixed.explained,stage-6
extend.redpacket.create.fixed.title,true,true,sdk-domain-and-legacy-template,legacy-compat,redpacket.create.fixed.title,stage-6
extend.redpacket.create.fixed.total_amount_label,true,true,sdk-domain-and-legacy-template,legacy-compat,redpacket.create.fixed.total_amount_label,stage-6
extend.redpacket.create.max_claims_error_max,true,true,sdk-domain-and-legacy-template,legacy-compat,redpacket.create.max_claims_error_max,stage-6
extend.redpacket.create.max_claims_error_min,true,true,sdk-domain-and-legacy-template,legacy-compat,redpacket.create.max_claims_error_min,stage-6
extend.redpacket.create.max_claims_error_required,true,true,sdk-domain-and-legacy-template,legacy-compat,redpacket.create.max_claims_error_required,stage-6
extend.redpacket.create.max_claims_placeholder,true,true,sdk-domain-and-legacy-template,legacy-compat,redpacket.create.max_claims_placeholder,stage-6
extend.redpacket.create.memo_error_length,true,true,sdk-domain-and-legacy-template,legacy-compat,redpacket.create.memo_error_length,stage-6
extend.redpacket.create.memo_placeholder,true,true,sdk-domain-and-legacy-template,legacy-compat,redpacket.create.memo_placeholder,stage-6
extend.redpacket.create.mint_address_error_required,true,true,sdk-domain-and-legacy-template,legacy-compat,redpacket.create.mint_address_error_required,stage-6
extend.redpacket.create.options.follow_social_media,true,true,sdk-domain-and-legacy-template,legacy-compat,redpacket.create.options.follow_social_media,stage-6
extend.redpacket.create.options.new_users,true,true,sdk-domain-and-legacy-template,legacy-compat,redpacket.create.options.new_users,stage-6
extend.redpacket.create.options.twitter_username_error_length,true,true,sdk-domain-and-legacy-template,legacy-compat,redpacket.create.options.twitter_username_error_length,stage-6
extend.redpacket.create.options.twitter_username_error_required,true,true,sdk-domain-and-legacy-template,legacy-compat,redpacket.create.options.twitter_username_error_required,stage-6
extend.redpacket.create.options.twitter_username_placeholder,true,true,sdk-domain-and-legacy-template,legacy-compat,redpacket.create.options.twitter_username_placeholder,stage-6
extend.redpacket.create.random.amount_label,true,true,sdk-domain-and-legacy-template,legacy-compat,redpacket.create.random.amount_label,stage-6
extend.redpacket.create.random.explained,true,true,sdk-domain-and-legacy-template,legacy-compat,redpacket.create.random.explained,stage-6
extend.redpacket.create.random.title,true,true,sdk-domain-and-legacy-template,legacy-compat,redpacket.create.random.title,stage-6
extend.redpacket.create.select_mint_token,true,true,sdk-domain-and-legacy-template,legacy-compat,redpacket.create.select_mint_token,stage-6
extend.redpacket.create.submit,true,true,sdk-domain-and-legacy-template,legacy-compat,redpacket.create.submit,stage-6
extend.redpacket.create.title,true,true,sdk-domain-and-legacy-template,legacy-compat,redpacket.create.title,stage-6
extend.redpacket.create.transaction_completed,true,true,sdk-domain-and-legacy-template,legacy-compat,redpacket.create.transaction_completed,stage-6
extend.redpacket.create.transaction_confirm_error,true,true,sdk-domain-and-legacy-template,legacy-compat,redpacket.create.transaction_confirm_error,stage-6
extend.redpacket.create.transaction_error,true,true,sdk-domain-and-legacy-template,legacy-compat,redpacket.create.transaction_error,stage-6
extend.redpacket.create.transaction_submitted,true,true,sdk-domain-and-legacy-template,legacy-compat,redpacket.create.transaction_submitted,stage-6
extend.redpacket.histories.received.from,true,true,sdk-domain-and-legacy-template,legacy-compat,redpacket.histories.received.from,stage-6
extend.redpacket.histories.received.self,true,true,sdk-domain-and-legacy-template,legacy-compat,redpacket.histories.received.self,stage-6
extend.redpacket.histories.received.title,true,true,sdk-domain-and-legacy-template,legacy-compat,redpacket.histories.received.title,stage-6
extend.redpacket.histories.sent.status.expired,true,true,sdk-domain-and-legacy-template,legacy-compat,redpacket.histories.sent.status.expired,stage-6
extend.redpacket.histories.sent.status.finished,true,true,sdk-domain-and-legacy-template,legacy-compat,redpacket.histories.sent.status.finished,stage-6
extend.redpacket.histories.sent.status.ongoing,true,true,sdk-domain-and-legacy-template,legacy-compat,redpacket.histories.sent.status.ongoing,stage-6
extend.redpacket.histories.sent.status.refunded,true,true,sdk-domain-and-legacy-template,legacy-compat,redpacket.histories.sent.status.refunded,stage-6
extend.redpacket.histories.sent.title,true,true,sdk-domain-and-legacy-template,legacy-compat,redpacket.histories.sent.title,stage-6
extend.redpacket.histories.title,true,true,sdk-domain-and-legacy-template,legacy-compat,redpacket.histories.title,stage-6
extend.redpacket.home.claim,true,true,sdk-domain-and-legacy-template,legacy-compat,redpacket.home.claim,stage-6
extend.redpacket.home.claim_placeholder,true,true,sdk-domain-and-legacy-template,legacy-compat,redpacket.home.claim_placeholder,stage-6
extend.redpacket.home.claim_title,true,true,sdk-domain-and-legacy-template,legacy-compat,redpacket.home.claim_title,stage-6
extend.redpacket.home.create,true,true,sdk-domain-and-legacy-template,legacy-compat,redpacket.home.create,stage-6
extend.redpacket.home.create_title,true,true,sdk-domain-and-legacy-template,legacy-compat,redpacket.home.create_title,stage-6
extend.redpacket.home.refund_warning,true,true,sdk-domain-and-legacy-template,legacy-compat,redpacket.home.refund_warning,stage-6
extend.redpacket.home.title,true,true,sdk-domain-and-legacy-template,legacy-compat,redpacket.home.title,stage-6
extend.redpacket.info.1_red_packet,true,true,sdk-domain-and-legacy-template,legacy-compat,redpacket.info.1_red_packet,stage-6
extend.redpacket.info.claimed_title,true,true,sdk-domain-and-legacy-template,legacy-compat,redpacket.info.claimed_title,stage-6
extend.redpacket.info.n_red_packets,true,true,sdk-domain-and-legacy-template,legacy-compat,redpacket.info.n_red_packets,stage-6
extend.redpacket.info.received.from,true,true,sdk-domain-and-legacy-template,legacy-compat,redpacket.info.received.from,stage-6
extend.redpacket.info.received.title,true,true,sdk-domain-and-legacy-template,legacy-compat,redpacket.info.received.title,stage-6
extend.redpacket.info.refunded_title,true,true,sdk-domain-and-legacy-template,legacy-compat,redpacket.info.refunded_title,stage-6
extend.redpacket.info.sent.amount_title,true,true,sdk-domain-and-legacy-template,legacy-compat,redpacket.info.sent.amount_title,stage-6
extend.redpacket.info.sent.title,true,true,sdk-domain-and-legacy-template,legacy-compat,redpacket.info.sent.title,stage-6
extend.redpacket.info.total_title,true,true,sdk-domain-and-legacy-template,legacy-compat,redpacket.info.total_title,stage-6
extend.redpacket.info.view_on_explorer,true,true,sdk-domain-and-legacy-template,legacy-compat,redpacket.info.view_on_explorer,stage-6
extend.redpacket.share.action,true,true,sdk-domain-and-legacy-template,legacy-compat,redpacket.share.action,stage-6
extend.redpacket.share.copy_claim_code,true,true,sdk-domain-and-legacy-template,legacy-compat,redpacket.share.copy_claim_code,stage-6
extend.redpacket.share.copy_claim_url,true,true,sdk-domain-and-legacy-template,legacy-compat,redpacket.share.copy_claim_url,stage-6
extend.redpacket.share.message,true,true,sdk-domain-and-legacy-template,legacy-compat,redpacket.share.message,stage-6
extend.redpacket.share.share_telegram_text,true,true,sdk-domain-and-legacy-template,legacy-compat,redpacket.share.share_telegram_text,stage-6
extend.redpacket.share.share_to,true,true,sdk-domain-and-legacy-template,legacy-compat,redpacket.share.share_to,stage-6
extend.redpacket.share.share_twitter_text,true,true,sdk-domain-and-legacy-template,legacy-compat,redpacket.share.share_twitter_text,stage-6
extend.redpacket.share.title,true,true,sdk-domain-and-legacy-template,legacy-compat,redpacket.share.title,stage-6
extend.search.history,true,true,apps-web,application,,
extend.settings.account_name,true,true,apps-web,application,,
extend.settings.deposit,true,true,apps-web,application,,
extend.settings.discord,true,true,apps-web,application,,
extend.settings.faq,true,true,apps-web,application,,
extend.settings.language,true,true,apps-web,application,,
extend.settings.others,true,true,apps-web,application,,
extend.settings.preferences,true,true,apps-web,application,,
extend.settings.privacy_policy,true,true,apps-web,application,,
extend.settings.social_medias,true,true,apps-web,application,,
extend.settings.support,true,true,apps-web,application,,
extend.settings.telegram,true,true,apps-web,application,,
extend.settings.terms_of_service,true,true,apps-web,application,,
extend.settings.twitter,true,true,apps-web,application,,
extend.settings.user_guide,true,true,apps-web,application,,
extend.title,true,true,apps-web,application,,
extend.token_list.attributes.age,true,true,sdk-domain-and-legacy-template,legacy-compat,token_list.attributes.age,stage-6
extend.token_list.attributes.contract,true,true,sdk-domain-and-legacy-template,legacy-compat,token_list.attributes.contract,stage-6
extend.token_list.attributes.fdv,true,true,sdk-domain-and-legacy-template,legacy-compat,token_list.attributes.fdv,stage-6
extend.token_list.attributes.holders,true,true,sdk-domain-and-legacy-template,legacy-compat,token_list.attributes.holders,stage-6
extend.token_list.attributes.holders_distribution.top_10,true,true,sdk-domain-and-legacy-template,legacy-compat,token_list.attributes.holders_distribution.top_10,stage-6
extend.token_list.attributes.holders_distribution.top_100,true,true,sdk-domain-and-legacy-template,legacy-compat,token_list.attributes.holders_distribution.top_100,stage-6
extend.token_list.attributes.liq,true,true,sdk-domain-and-legacy-template,legacy-compat,token_list.attributes.liq,stage-6
extend.token_list.attributes.liquidity,true,true,sdk-domain-and-legacy-template,legacy-compat,token_list.attributes.liquidity,stage-6
extend.token_list.attributes.market_cap,true,true,sdk-domain-and-legacy-template,legacy-compat,token_list.attributes.market_cap,stage-6
extend.token_list.attributes.price,true,true,sdk-domain-and-legacy-template,legacy-compat,token_list.attributes.price,stage-6
extend.token_list.attributes.price_changes.1h,true,true,sdk-domain-and-legacy-template,legacy-compat,token_list.attributes.price_changes.1h,stage-6
extend.token_list.attributes.price_changes.1m,true,true,sdk-domain-and-legacy-template,legacy-compat,token_list.attributes.price_changes.1m,stage-6
extend.token_list.attributes.price_changes.24h,true,true,sdk-domain-and-legacy-template,legacy-compat,token_list.attributes.price_changes.24h,stage-6
extend.token_list.attributes.price_changes.4h,true,true,sdk-domain-and-legacy-template,legacy-compat,token_list.attributes.price_changes.4h,stage-6
extend.token_list.attributes.price_changes.5m,true,true,sdk-domain-and-legacy-template,legacy-compat,token_list.attributes.price_changes.5m,stage-6
extend.token_list.attributes.price_changes.7d,true,true,sdk-domain-and-legacy-template,legacy-compat,token_list.attributes.price_changes.7d,stage-6
extend.token_list.attributes.price_changes.last_7d,true,true,sdk-domain-and-legacy-template,legacy-compat,token_list.attributes.price_changes.last_7d,stage-6
extend.token_list.attributes.social_media,true,true,sdk-domain-and-legacy-template,legacy-compat,token_list.attributes.social_media,stage-6
extend.token_list.attributes.supply,true,true,sdk-domain-and-legacy-template,legacy-compat,token_list.attributes.supply,stage-6
extend.token_list.attributes.token,true,true,sdk-domain-and-legacy-template,legacy-compat,token_list.attributes.token,stage-6
extend.token_list.attributes.traders,true,true,sdk-domain-and-legacy-template,legacy-compat,token_list.attributes.traders,stage-6
extend.token_list.attributes.txs,true,true,sdk-domain-and-legacy-template,legacy-compat,token_list.attributes.txs,stage-6
extend.token_list.attributes.volume,true,true,sdk-domain-and-legacy-template,legacy-compat,token_list.attributes.volume,stage-6
extend.token_list.chains,true,true,sdk-domain-and-legacy-template,legacy-compat,token_list.chains,stage-6
extend.token_list.discover.gainers,true,true,sdk-domain-and-legacy-template,legacy-compat,token_list.discover.gainers,stage-6
extend.token_list.discover.losers,true,true,sdk-domain-and-legacy-template,legacy-compat,token_list.discover.losers,stage-6
extend.token_list.discover.new,true,true,sdk-domain-and-legacy-template,legacy-compat,token_list.discover.new,stage-6
extend.token_list.discover.trending,true,true,sdk-domain-and-legacy-template,legacy-compat,token_list.discover.trending,stage-6
extend.token_list.filters.age,true,true,sdk-domain-and-legacy-template,legacy-compat,token_list.filters.age,stage-6
extend.token_list.filters.apply,true,true,sdk-domain-and-legacy-template,legacy-compat,token_list.filters.apply,stage-6
extend.token_list.filters.chain.select_chain,true,true,sdk-domain-and-legacy-template,legacy-compat,token_list.filters.chain.select_chain,stage-6
extend.token_list.filters.chain.universal_chains,true,true,sdk-domain-and-legacy-template,legacy-compat,token_list.filters.chain.universal_chains,stage-6
extend.token_list.filters.clear,true,true,sdk-domain-and-legacy-template,legacy-compat,token_list.filters.clear,stage-6
extend.token_list.filters.holders,true,true,sdk-domain-and-legacy-template,legacy-compat,token_list.filters.holders,stage-6
extend.token_list.filters.liquidity,true,true,sdk-domain-and-legacy-template,legacy-compat,token_list.filters.liquidity,stage-6
extend.token_list.filters.market_cap,true,true,sdk-domain-and-legacy-template,legacy-compat,token_list.filters.market_cap,stage-6
extend.token_list.filters.max,true,true,sdk-domain-and-legacy-template,legacy-compat,token_list.filters.max,stage-6
extend.token_list.filters.min,true,true,sdk-domain-and-legacy-template,legacy-compat,token_list.filters.min,stage-6
extend.token_list.filters.price_change,true,true,sdk-domain-and-legacy-template,legacy-compat,token_list.filters.price_change,stage-6
extend.token_list.filters.timeframe.1h,true,true,sdk-domain-and-legacy-template,legacy-compat,token_list.filters.timeframe.1h,stage-6
extend.token_list.filters.timeframe.1m,true,true,sdk-domain-and-legacy-template,legacy-compat,token_list.filters.timeframe.1m,stage-6
extend.token_list.filters.timeframe.24h,true,true,sdk-domain-and-legacy-template,legacy-compat,token_list.filters.timeframe.24h,stage-6
extend.token_list.filters.timeframe.4h,true,true,sdk-domain-and-legacy-template,legacy-compat,token_list.filters.timeframe.4h,stage-6
extend.token_list.filters.timeframe.5m,true,true,sdk-domain-and-legacy-template,legacy-compat,token_list.filters.timeframe.5m,stage-6
extend.token_list.filters.timeframe.title,true,true,sdk-domain-and-legacy-template,legacy-compat,token_list.filters.timeframe.title,stage-6
extend.token_list.filters.title,true,true,sdk-domain-and-legacy-template,legacy-compat,token_list.filters.title,stage-6
extend.token_list.filters.traders,true,true,sdk-domain-and-legacy-template,legacy-compat,token_list.filters.traders,stage-6
extend.token_list.filters.txs,true,true,sdk-domain-and-legacy-template,legacy-compat,token_list.filters.txs,stage-6
extend.token_list.filters.volume,true,true,sdk-domain-and-legacy-template,legacy-compat,token_list.filters.volume,stage-6
extend.token_list.types.discover,true,true,sdk-domain-and-legacy-template,legacy-compat,token_list.types.discover,stage-6
extend.token_list.types.favorite,true,true,sdk-domain-and-legacy-template,legacy-compat,token_list.types.favorite,stage-6
extend.token_list.types.holdings,true,true,sdk-domain-and-legacy-template,legacy-compat,token_list.types.holdings,stage-6
extend.token_list.types.stocks,true,true,sdk-domain-and-legacy-template,legacy-compat,token_list.types.stocks,stage-6
extend.token_list.types.views,true,true,sdk-domain-and-legacy-template,legacy-compat,token_list.types.views,stage-6
extend.toolbar.ai_copilot,true,true,apps-web,application,,
extend.toolbar.ai_copilot_tooltip,true,true,apps-web,application,,
extend.toolbar.discord,true,true,apps-web,application,,
extend.toolbar.docs,true,true,apps-web,application,,
extend.toolbar.launch_token,true,true,apps-web,application,,
extend.toolbar.media_track,true,true,apps-web,application,,
extend.toolbar.media_track_tooltip,true,true,apps-web,application,,
extend.toolbar.sol_price_usd,true,true,apps-web,application,,
extend.toolbar.twitter,true,true,apps-web,application,,
extend.trade.about.available_liquidity,true,true,sdk-domain-and-legacy-template,legacy-compat,trade.about.available_liquidity,stage-6
extend.trade.about.categories,true,true,sdk-domain-and-legacy-template,legacy-compat,trade.about.categories,stage-6
extend.trade.about.cex,true,true,sdk-domain-and-legacy-template,legacy-compat,trade.about.cex,stage-6
extend.trade.about.info,true,true,sdk-domain-and-legacy-template,legacy-compat,trade.about.info,stage-6
extend.trade.about.liquidity,true,true,sdk-domain-and-legacy-template,legacy-compat,trade.about.liquidity,stage-6
extend.trade.about.liquidity_pair,true,true,sdk-domain-and-legacy-template,legacy-compat,trade.about.liquidity_pair,stage-6
extend.trade.about.securities.balance_not_mutable,true,true,sdk-domain-and-legacy-template,legacy-compat,trade.about.securities.balance_not_mutable,stage-6
extend.trade.about.securities.balance_not_mutable_explained,true,true,sdk-domain-and-legacy-template,legacy-compat,trade.about.securities.balance_not_mutable_explained,stage-6
extend.trade.about.securities.blacklist_presence,true,true,sdk-domain-and-legacy-template,legacy-compat,trade.about.securities.blacklist_presence,stage-6
extend.trade.about.securities.blacklist_presence_explained,true,true,sdk-domain-and-legacy-template,legacy-compat,trade.about.securities.blacklist_presence_explained,stage-6
extend.trade.about.securities.buy_tax,true,true,sdk-domain-and-legacy-template,legacy-compat,trade.about.securities.buy_tax,stage-6
extend.trade.about.securities.buy_tax_explained,true,true,sdk-domain-and-legacy-template,legacy-compat,trade.about.securities.buy_tax_explained,stage-6
extend.trade.about.securities.honeypot,true,true,sdk-domain-and-legacy-template,legacy-compat,trade.about.securities.honeypot,stage-6
extend.trade.about.securities.honeypot_explained,true,true,sdk-domain-and-legacy-template,legacy-compat,trade.about.securities.honeypot_explained,stage-6
extend.trade.about.securities.no_external_hook,true,true,sdk-domain-and-legacy-template,legacy-compat,trade.about.securities.no_external_hook,stage-6
extend.trade.about.securities.no_external_hook_explained,true,true,sdk-domain-and-legacy-template,legacy-compat,trade.about.securities.no_external_hook_explained,stage-6
extend.trade.about.securities.no_freeze,true,true,sdk-domain-and-legacy-template,legacy-compat,trade.about.securities.no_freeze,stage-6
extend.trade.about.securities.no_freeze_explained,true,true,sdk-domain-and-legacy-template,legacy-compat,trade.about.securities.no_freeze_explained,stage-6
extend.trade.about.securities.no_freeze_function,true,true,sdk-domain-and-legacy-template,legacy-compat,trade.about.securities.no_freeze_function,stage-6
extend.trade.about.securities.no_freeze_function_explained,true,true,sdk-domain-and-legacy-template,legacy-compat,trade.about.securities.no_freeze_function_explained,stage-6
extend.trade.about.securities.no_mint_function,true,true,sdk-domain-and-legacy-template,legacy-compat,trade.about.securities.no_mint_function,stage-6
extend.trade.about.securities.no_mint_function_explained,true,true,sdk-domain-and-legacy-template,legacy-compat,trade.about.securities.no_mint_function_explained,stage-6
extend.trade.about.securities.no_transaction_restriction,true,true,sdk-domain-and-legacy-template,legacy-compat,trade.about.securities.no_transaction_restriction,stage-6
extend.trade.about.securities.no_transaction_restriction_explained,true,true,sdk-domain-and-legacy-template,legacy-compat,trade.about.securities.no_transaction_restriction_explained,stage-6
extend.trade.about.securities.not_non_transferable,true,true,sdk-domain-and-legacy-template,legacy-compat,trade.about.securities.not_non_transferable,stage-6
extend.trade.about.securities.not_non_transferable_explained,true,true,sdk-domain-and-legacy-template,legacy-compat,trade.about.securities.not_non_transferable_explained,stage-6
extend.trade.about.securities.program_not_closable,true,true,sdk-domain-and-legacy-template,legacy-compat,trade.about.securities.program_not_closable,stage-6
extend.trade.about.securities.program_not_closable_explained,true,true,sdk-domain-and-legacy-template,legacy-compat,trade.about.securities.program_not_closable_explained,stage-6
extend.trade.about.securities.sell_tax,true,true,sdk-domain-and-legacy-template,legacy-compat,trade.about.securities.sell_tax,stage-6
extend.trade.about.securities.sell_tax_explained,true,true,sdk-domain-and-legacy-template,legacy-compat,trade.about.securities.sell_tax_explained,stage-6
extend.trade.about.securities.transfer_fee,true,true,sdk-domain-and-legacy-template,legacy-compat,trade.about.securities.transfer_fee,stage-6
extend.trade.about.securities.transfer_fee_non_upgradable,true,true,sdk-domain-and-legacy-template,legacy-compat,trade.about.securities.transfer_fee_non_upgradable,stage-6
extend.trade.about.securities.transfer_fee_non_upgradable_explained,true,true,sdk-domain-and-legacy-template,legacy-compat,trade.about.securities.transfer_fee_non_upgradable_explained,stage-6
extend.trade.about.securities.verified,true,true,sdk-domain-and-legacy-template,legacy-compat,trade.about.securities.verified,stage-6
extend.trade.about.securities.verified_explained,true,true,sdk-domain-and-legacy-template,legacy-compat,trade.about.securities.verified_explained,stage-6
extend.trade.about.securities.whitelist_presence,true,true,sdk-domain-and-legacy-template,legacy-compat,trade.about.securities.whitelist_presence,stage-6
extend.trade.about.securities.whitelist_presence_explained,true,true,sdk-domain-and-legacy-template,legacy-compat,trade.about.securities.whitelist_presence_explained,stage-6
extend.trade.about.security,true,true,sdk-domain-and-legacy-template,legacy-compat,trade.about.security,stage-6
extend.trade.account.accounts.balance,true,true,sdk-domain-and-legacy-template,legacy-compat,trade.account.accounts.balance,stage-6
extend.trade.account.accounts.holdings,true,true,sdk-domain-and-legacy-template,legacy-compat,trade.account.accounts.holdings,stage-6
extend.trade.account.accounts.price,true,true,sdk-domain-and-legacy-template,legacy-compat,trade.account.accounts.price,stage-6
extend.trade.account.accounts.primary_tokens,true,true,sdk-domain-and-legacy-template,legacy-compat,trade.account.accounts.primary_tokens,stage-6
extend.trade.account.accounts.primary_tokens_explained,true,true,sdk-domain-and-legacy-template,legacy-compat,trade.account.accounts.primary_tokens_explained,stage-6
extend.trade.account.accounts.set_primary_tokens,true,true,sdk-domain-and-legacy-template,legacy-compat,trade.account.accounts.set_primary_tokens,stage-6
extend.trade.account.accounts.title,true,true,sdk-domain-and-legacy-template,legacy-compat,trade.account.accounts.title,stage-6
extend.trade.account.accounts.token,true,true,sdk-domain-and-legacy-template,legacy-compat,trade.account.accounts.token,stage-6
extend.trade.account.accounts.unrealized,true,true,sdk-domain-and-legacy-template,legacy-compat,trade.account.accounts.unrealized,stage-6
extend.trade.account.dashboard.allocation,true,true,sdk-domain-and-legacy-template,legacy-compat,trade.account.dashboard.allocation,stage-6
extend.trade.account.dashboard.balance,true,true,sdk-domain-and-legacy-template,legacy-compat,trade.account.dashboard.balance,stage-6
extend.trade.account.dashboard.pnl,true,true,sdk-domain-and-legacy-template,legacy-compat,trade.account.dashboard.pnl,stage-6
extend.trade.account.dashboard.portfolio,true,true,sdk-domain-and-legacy-template,legacy-compat,trade.account.dashboard.portfolio,stage-6
extend.trade.account.dashboard.title,true,true,sdk-domain-and-legacy-template,legacy-compat,trade.account.dashboard.title,stage-6
extend.trade.account.history.title,true,true,sdk-domain-and-legacy-template,legacy-compat,trade.account.history.title,stage-6
extend.trade.advanced,true,true,sdk-domain-and-legacy-template,legacy-compat,trade.advanced,stage-6
extend.trade.amount,true,true,sdk-domain-and-legacy-template,legacy-compat,trade.amount,stage-6
extend.trade.audit.bundlers,true,true,sdk-domain-and-legacy-template,legacy-compat,trade.audit.bundlers,stage-6
extend.trade.audit.bundlers_tip,true,true,sdk-domain-and-legacy-template,legacy-compat,trade.audit.bundlers_tip,stage-6
extend.trade.audit.closable,true,true,sdk-domain-and-legacy-template,legacy-compat,trade.audit.closable,stage-6
extend.trade.audit.closable_tip,true,true,sdk-domain-and-legacy-template,legacy-compat,trade.audit.closable_tip,stage-6
extend.trade.audit.dev,true,true,sdk-domain-and-legacy-template,legacy-compat,trade.audit.dev,stage-6
extend.trade.audit.dev_tip,true,true,sdk-domain-and-legacy-template,legacy-compat,trade.audit.dev_tip,stage-6
extend.trade.audit.freezable,true,true,sdk-domain-and-legacy-template,legacy-compat,trade.audit.freezable,stage-6
extend.trade.audit.freezable_tip,true,true,sdk-domain-and-legacy-template,legacy-compat,trade.audit.freezable_tip,stage-6
extend.trade.audit.holders,true,true,sdk-domain-and-legacy-template,legacy-compat,trade.audit.holders,stage-6
extend.trade.audit.holders_tip,true,true,sdk-domain-and-legacy-template,legacy-compat,trade.audit.holders_tip,stage-6
extend.trade.audit.insiders,true,true,sdk-domain-and-legacy-template,legacy-compat,trade.audit.insiders,stage-6
extend.trade.audit.insiders_tip,true,true,sdk-domain-and-legacy-template,legacy-compat,trade.audit.insiders_tip,stage-6
extend.trade.audit.kol,true,true,sdk-domain-and-legacy-template,legacy-compat,trade.audit.kol,stage-6
extend.trade.audit.kol_tip,true,true,sdk-domain-and-legacy-template,legacy-compat,trade.audit.kol_tip,stage-6
extend.trade.audit.lp_burned,true,true,sdk-domain-and-legacy-template,legacy-compat,trade.audit.lp_burned,stage-6
extend.trade.audit.lp_burned_tip,true,true,sdk-domain-and-legacy-template,legacy-compat,trade.audit.lp_burned_tip,stage-6
extend.trade.audit.lp_locked,true,true,sdk-domain-and-legacy-template,legacy-compat,trade.audit.lp_locked,stage-6
extend.trade.audit.lp_locked_tip,true,true,sdk-domain-and-legacy-template,legacy-compat,trade.audit.lp_locked_tip,stage-6
extend.trade.audit.mint_renounced,true,true,sdk-domain-and-legacy-template,legacy-compat,trade.audit.mint_renounced,stage-6
extend.trade.audit.mint_renounced_tip,true,true,sdk-domain-and-legacy-template,legacy-compat,trade.audit.mint_renounced_tip,stage-6
extend.trade.audit.no_blacklist,true,true,sdk-domain-and-legacy-template,legacy-compat,trade.audit.no_blacklist,stage-6
extend.trade.audit.no_blacklist_tip,true,true,sdk-domain-and-legacy-template,legacy-compat,trade.audit.no_blacklist_tip,stage-6
extend.trade.audit.none,true,true,sdk-domain-and-legacy-template,legacy-compat,trade.audit.none,stage-6
extend.trade.audit.none_tip,true,true,sdk-domain-and-legacy-template,legacy-compat,trade.audit.none_tip,stage-6
extend.trade.audit.not_honeypot,true,true,sdk-domain-and-legacy-template,legacy-compat,trade.audit.not_honeypot,stage-6
extend.trade.audit.not_honeypot_tip,true,true,sdk-domain-and-legacy-template,legacy-compat,trade.audit.not_honeypot_tip,stage-6
extend.trade.audit.open_source,true,true,sdk-domain-and-legacy-template,legacy-compat,trade.audit.open_source,stage-6
extend.trade.audit.open_source_tip,true,true,sdk-domain-and-legacy-template,legacy-compat,trade.audit.open_source_tip,stage-6
extend.trade.audit.ownership_renounced,true,true,sdk-domain-and-legacy-template,legacy-compat,trade.audit.ownership_renounced,stage-6
extend.trade.audit.ownership_renounced_tip,true,true,sdk-domain-and-legacy-template,legacy-compat,trade.audit.ownership_renounced_tip,stage-6
extend.trade.audit.pro,true,true,sdk-domain-and-legacy-template,legacy-compat,trade.audit.pro,stage-6
extend.trade.audit.pro_tip,true,true,sdk-domain-and-legacy-template,legacy-compat,trade.audit.pro_tip,stage-6
extend.trade.audit.rug_pull,true,true,sdk-domain-and-legacy-template,legacy-compat,trade.audit.rug_pull,stage-6
extend.trade.audit.rug_pull_tip,true,true,sdk-domain-and-legacy-template,legacy-compat,trade.audit.rug_pull_tip,stage-6
extend.trade.audit.snipers,true,true,sdk-domain-and-legacy-template,legacy-compat,trade.audit.snipers,stage-6
extend.trade.audit.snipers_tip,true,true,sdk-domain-and-legacy-template,legacy-compat,trade.audit.snipers_tip,stage-6
extend.trade.audit.title,true,true,sdk-domain-and-legacy-template,legacy-compat,trade.audit.title,stage-6
extend.trade.audit.top10,true,true,sdk-domain-and-legacy-template,legacy-compat,trade.audit.top10,stage-6
extend.trade.audit.top10_tip,true,true,sdk-domain-and-legacy-template,legacy-compat,trade.audit.top10_tip,stage-6
extend.trade.audit.transfer_fee,true,true,sdk-domain-and-legacy-template,legacy-compat,trade.audit.transfer_fee,stage-6
extend.trade.audit.transfer_fee_tip,true,true,sdk-domain-and-legacy-template,legacy-compat,trade.audit.transfer_fee_tip,stage-6
extend.trade.audit.transferable,true,true,sdk-domain-and-legacy-template,legacy-compat,trade.audit.transferable,stage-6
extend.trade.audit.transferable_tip,true,true,sdk-domain-and-legacy-template,legacy-compat,trade.audit.transferable_tip,stage-6
extend.trade.balance,true,true,sdk-domain-and-legacy-template,legacy-compat,trade.balance,stage-6
extend.trade.basic_info.created_at,true,true,sdk-domain-and-legacy-template,legacy-compat,trade.basic_info.created_at,stage-6
extend.trade.basic_info.holders,true,true,sdk-domain-and-legacy-template,legacy-compat,trade.basic_info.holders,stage-6
extend.trade.basic_info.liquidity,true,true,sdk-domain-and-legacy-template,legacy-compat,trade.basic_info.liquidity,stage-6
extend.trade.basic_info.market_cap,true,true,sdk-domain-and-legacy-template,legacy-compat,trade.basic_info.market_cap,stage-6
extend.trade.basic_info.pair,true,true,sdk-domain-and-legacy-template,legacy-compat,trade.basic_info.pair,stage-6
extend.trade.basic_info.supply,true,true,sdk-domain-and-legacy-template,legacy-compat,trade.basic_info.supply,stage-6
extend.trade.basic_info.title,true,true,sdk-domain-and-legacy-template,legacy-compat,trade.basic_info.title,stage-6
extend.trade.basic_info.volume_24h,true,true,sdk-domain-and-legacy-template,legacy-compat,trade.basic_info.volume_24h,stage-6
extend.trade.bottom_panel.dev_tokens_table.ath,true,true,sdk-domain-and-legacy-template,legacy-compat,trade.bottom_panel.dev_tokens_table.ath,stage-6
extend.trade.bottom_panel.dev_tokens_table.bundled,true,true,sdk-domain-and-legacy-template,legacy-compat,trade.bottom_panel.dev_tokens_table.bundled,stage-6
extend.trade.bottom_panel.dev_tokens_table.created,true,true,sdk-domain-and-legacy-template,legacy-compat,trade.bottom_panel.dev_tokens_table.created,stage-6
extend.trade.bottom_panel.dev_tokens_table.holders,true,true,sdk-domain-and-legacy-template,legacy-compat,trade.bottom_panel.dev_tokens_table.holders,stage-6
extend.trade.bottom_panel.dev_tokens_table.liquidity,true,true,sdk-domain-and-legacy-template,legacy-compat,trade.bottom_panel.dev_tokens_table.liquidity,stage-6
extend.trade.bottom_panel.dev_tokens_table.market_cap,true,true,sdk-domain-and-legacy-template,legacy-compat,trade.bottom_panel.dev_tokens_table.market_cap,stage-6
extend.trade.bottom_panel.dev_tokens_table.migrated,true,true,sdk-domain-and-legacy-template,legacy-compat,trade.bottom_panel.dev_tokens_table.migrated,stage-6
extend.trade.bottom_panel.dev_tokens_table.no_creator,true,true,sdk-domain-and-legacy-template,legacy-compat,trade.bottom_panel.dev_tokens_table.no_creator,stage-6
extend.trade.bottom_panel.dev_tokens_table.status,true,true,sdk-domain-and-legacy-template,legacy-compat,trade.bottom_panel.dev_tokens_table.status,stage-6
extend.trade.bottom_panel.dev_tokens_table.token,true,true,sdk-domain-and-legacy-template,legacy-compat,trade.bottom_panel.dev_tokens_table.token,stage-6
extend.trade.bottom_panel.dev_tokens_table.total_fee,true,true,sdk-domain-and-legacy-template,legacy-compat,trade.bottom_panel.dev_tokens_table.total_fee,stage-6
extend.trade.bottom_panel.dev_tokens_table.volume_1h,true,true,sdk-domain-and-legacy-template,legacy-compat,trade.bottom_panel.dev_tokens_table.volume_1h,stage-6
extend.trade.bottom_panel.holders_table.amount,true,true,sdk-domain-and-legacy-template,legacy-compat,trade.bottom_panel.holders_table.amount,stage-6
extend.trade.bottom_panel.holders_table.balance_last_active,true,true,sdk-domain-and-legacy-template,legacy-compat,trade.bottom_panel.holders_table.balance_last_active,stage-6
extend.trade.bottom_panel.holders_table.first_held,true,true,sdk-domain-and-legacy-template,legacy-compat,trade.bottom_panel.holders_table.first_held,stage-6
extend.trade.bottom_panel.holders_table.funding,true,true,sdk-domain-and-legacy-template,legacy-compat,trade.bottom_panel.holders_table.funding,stage-6
extend.trade.bottom_panel.holders_table.holdings,true,true,sdk-domain-and-legacy-template,legacy-compat,trade.bottom_panel.holders_table.holdings,stage-6
extend.trade.bottom_panel.holders_table.last_active,true,true,sdk-domain-and-legacy-template,legacy-compat,trade.bottom_panel.holders_table.last_active,stage-6
extend.trade.bottom_panel.holders_table.percentage,true,true,sdk-domain-and-legacy-template,legacy-compat,trade.bottom_panel.holders_table.percentage,stage-6
extend.trade.bottom_panel.holders_table.rank,true,true,sdk-domain-and-legacy-template,legacy-compat,trade.bottom_panel.holders_table.rank,stage-6
extend.trade.bottom_panel.holders_table.tags,true,true,sdk-domain-and-legacy-template,legacy-compat,trade.bottom_panel.holders_table.tags,stage-6
extend.trade.bottom_panel.holders_table.total_buy,true,true,sdk-domain-and-legacy-template,legacy-compat,trade.bottom_panel.holders_table.total_buy,stage-6
extend.trade.bottom_panel.holders_table.total_profit,true,true,sdk-domain-and-legacy-template,legacy-compat,trade.bottom_panel.holders_table.total_profit,stage-6
extend.trade.bottom_panel.holders_table.total_sell,true,true,sdk-domain-and-legacy-template,legacy-compat,trade.bottom_panel.holders_table.total_sell,stage-6
extend.trade.bottom_panel.holders_table.unrealized_pnl,true,true,sdk-domain-and-legacy-template,legacy-compat,trade.bottom_panel.holders_table.unrealized_pnl,stage-6
extend.trade.bottom_panel.holders_table.value,true,true,sdk-domain-and-legacy-template,legacy-compat,trade.bottom_panel.holders_table.value,stage-6
extend.trade.bottom_panel.holders_table.wallet,true,true,sdk-domain-and-legacy-template,legacy-compat,trade.bottom_panel.holders_table.wallet,stage-6
extend.trade.bottom_panel.holders_table.wallet_created,true,true,sdk-domain-and-legacy-template,legacy-compat,trade.bottom_panel.holders_table.wallet_created,stage-6
extend.trade.bottom_panel.load_more,true,true,sdk-domain-and-legacy-template,legacy-compat,trade.bottom_panel.load_more,stage-6
extend.trade.bottom_panel.loading,true,true,sdk-domain-and-legacy-template,legacy-compat,trade.bottom_panel.loading,stage-6
extend.trade.bottom_panel.no_data,true,true,sdk-domain-and-legacy-template,legacy-compat,trade.bottom_panel.no_data,stage-6
extend.trade.bottom_panel.open_in_explorer,true,true,sdk-domain-and-legacy-template,legacy-compat,trade.bottom_panel.open_in_explorer,stage-6
extend.trade.bottom_panel.top_traders_table.activity,true,true,sdk-domain-and-legacy-template,legacy-compat,trade.bottom_panel.top_traders_table.activity,stage-6
extend.trade.bottom_panel.top_traders_table.balance,true,true,sdk-domain-and-legacy-template,legacy-compat,trade.bottom_panel.top_traders_table.balance,stage-6
extend.trade.bottom_panel.top_traders_table.buys,true,true,sdk-domain-and-legacy-template,legacy-compat,trade.bottom_panel.top_traders_table.buys,stage-6
extend.trade.bottom_panel.top_traders_table.first_buy,true,true,sdk-domain-and-legacy-template,legacy-compat,trade.bottom_panel.top_traders_table.first_buy,stage-6
extend.trade.bottom_panel.top_traders_table.holdings,true,true,sdk-domain-and-legacy-template,legacy-compat,trade.bottom_panel.top_traders_table.holdings,stage-6
extend.trade.bottom_panel.top_traders_table.rank,true,true,sdk-domain-and-legacy-template,legacy-compat,trade.bottom_panel.top_traders_table.rank,stage-6
extend.trade.bottom_panel.top_traders_table.realized_pnl,true,true,sdk-domain-and-legacy-template,legacy-compat,trade.bottom_panel.top_traders_table.realized_pnl,stage-6
extend.trade.bottom_panel.top_traders_table.sells,true,true,sdk-domain-and-legacy-template,legacy-compat,trade.bottom_panel.top_traders_table.sells,stage-6
extend.trade.bottom_panel.top_traders_table.total_buy,true,true,sdk-domain-and-legacy-template,legacy-compat,trade.bottom_panel.top_traders_table.total_buy,stage-6
extend.trade.bottom_panel.top_traders_table.total_pnl,true,true,sdk-domain-and-legacy-template,legacy-compat,trade.bottom_panel.top_traders_table.total_pnl,stage-6
extend.trade.bottom_panel.top_traders_table.total_sell,true,true,sdk-domain-and-legacy-template,legacy-compat,trade.bottom_panel.top_traders_table.total_sell,stage-6
extend.trade.bottom_panel.top_traders_table.trader,true,true,sdk-domain-and-legacy-template,legacy-compat,trade.bottom_panel.top_traders_table.trader,stage-6
extend.trade.bottom_panel.top_traders_table.transfers,true,true,sdk-domain-and-legacy-template,legacy-compat,trade.bottom_panel.top_traders_table.transfers,stage-6
extend.trade.bottom_panel.top_traders_table.unrealized_pnl,true,true,sdk-domain-and-legacy-template,legacy-compat,trade.bottom_panel.top_traders_table.unrealized_pnl,stage-6
extend.trade.bottom_panel.trades.age,true,true,sdk-domain-and-legacy-template,legacy-compat,trade.bottom_panel.trades.age,stage-6
extend.trade.bottom_panel.trades.amount,true,true,sdk-domain-and-legacy-template,legacy-compat,trade.bottom_panel.trades.amount,stage-6
extend.trade.bottom_panel.trades.gas_fee,true,true,sdk-domain-and-legacy-template,legacy-compat,trade.bottom_panel.trades.gas_fee,stage-6
extend.trade.bottom_panel.trades.market_cap,true,true,sdk-domain-and-legacy-template,legacy-compat,trade.bottom_panel.trades.market_cap,stage-6
extend.trade.bottom_panel.trades.price,true,true,sdk-domain-and-legacy-template,legacy-compat,trade.bottom_panel.trades.price,stage-6
extend.trade.bottom_panel.trades.side_add_liq,true,true,sdk-domain-and-legacy-template,legacy-compat,trade.bottom_panel.trades.side_add_liq,stage-6
extend.trade.bottom_panel.trades.side_buy,true,true,sdk-domain-and-legacy-template,legacy-compat,trade.bottom_panel.trades.side_buy,stage-6
extend.trade.bottom_panel.trades.side_red_packet,true,true,sdk-domain-and-legacy-template,legacy-compat,trade.bottom_panel.trades.side_red_packet,stage-6
extend.trade.bottom_panel.trades.side_remove_liq,true,true,sdk-domain-and-legacy-template,legacy-compat,trade.bottom_panel.trades.side_remove_liq,stage-6
extend.trade.bottom_panel.trades.side_sell,true,true,sdk-domain-and-legacy-template,legacy-compat,trade.bottom_panel.trades.side_sell,stage-6
extend.trade.bottom_panel.trades.total_usd,true,true,sdk-domain-and-legacy-template,legacy-compat,trade.bottom_panel.trades.total_usd,stage-6
extend.trade.bottom_panel.trades.trader,true,true,sdk-domain-and-legacy-template,legacy-compat,trade.bottom_panel.trades.trader,stage-6
extend.trade.bottom_panel.trades.tx,true,true,sdk-domain-and-legacy-template,legacy-compat,trade.bottom_panel.trades.tx,stage-6
extend.trade.bottom_panel.trades.type,true,true,sdk-domain-and-legacy-template,legacy-compat,trade.bottom_panel.trades.type,stage-6
extend.trade.bottom_panel.trades.usd,true,true,sdk-domain-and-legacy-template,legacy-compat,trade.bottom_panel.trades.usd,stage-6
extend.trade.buy,true,true,sdk-domain-and-legacy-template,legacy-compat,trade.buy,stage-6
extend.trade.buy_insufficient_balance,true,true,sdk-domain-and-legacy-template,legacy-compat,trade.buy_insufficient_balance,stage-6
extend.trade.buy_min_amount,true,true,sdk-domain-and-legacy-template,legacy-compat,trade.buy_min_amount,stage-6
extend.trade.holders.address,true,true,sdk-domain-and-legacy-template,legacy-compat,trade.holders.address,stage-6
extend.trade.holders.amount,true,true,sdk-domain-and-legacy-template,legacy-compat,trade.holders.amount,stage-6
extend.trade.holders.bubble_map,true,true,sdk-domain-and-legacy-template,legacy-compat,trade.holders.bubble_map,stage-6
extend.trade.holders.rate,true,true,sdk-domain-and-legacy-template,legacy-compat,trade.holders.rate,stage-6
extend.trade.holders.top_10,true,true,sdk-domain-and-legacy-template,legacy-compat,trade.holders.top_10,stage-6
extend.trade.holders.top_100,true,true,sdk-domain-and-legacy-template,legacy-compat,trade.holders.top_100,stage-6
extend.trade.holders.total,true,true,sdk-domain-and-legacy-template,legacy-compat,trade.holders.total,stage-6
extend.trade.instant_buy,true,true,sdk-domain-and-legacy-template,legacy-compat,trade.instant_buy,stage-6
extend.trade.limit,true,true,sdk-domain-and-legacy-template,legacy-compat,trade.limit,stage-6
extend.trade.market,true,true,sdk-domain-and-legacy-template,legacy-compat,trade.market,stage-6
extend.trade.operations.buy,true,true,sdk-domain-and-legacy-template,legacy-compat,trade.operations.buy,stage-6
extend.trade.operations.buy_unauthenticated,true,true,sdk-domain-and-legacy-template,legacy-compat,trade.operations.buy_unauthenticated,stage-6
extend.trade.operations.sell,true,true,sdk-domain-and-legacy-template,legacy-compat,trade.operations.sell,stage-6
extend.trade.operations.sell_unauthenticated,true,true,sdk-domain-and-legacy-template,legacy-compat,trade.operations.sell_unauthenticated,stage-6
extend.trade.security_check.external_link,true,true,sdk-domain-and-legacy-template,legacy-compat,trade.security_check.external_link,stage-6
extend.trade.security_check.items.buy_sell_tax,true,true,sdk-domain-and-legacy-template,legacy-compat,trade.security_check.items.buy_sell_tax,stage-6
extend.trade.security_check.items.buy_sell_tax_tip,true,true,sdk-domain-and-legacy-template,legacy-compat,trade.security_check.items.buy_sell_tax_tip,stage-6
extend.trade.security_check.items.fee_not_upgradable,true,true,sdk-domain-and-legacy-template,legacy-compat,trade.security_check.items.fee_not_upgradable,stage-6
extend.trade.security_check.items.fee_not_upgradable_tip,true,true,sdk-domain-and-legacy-template,legacy-compat,trade.security_check.items.fee_not_upgradable_tip,stage-6
extend.trade.security_check.items.lp_burned,true,true,sdk-domain-and-legacy-template,legacy-compat,trade.security_check.items.lp_burned,stage-6
extend.trade.security_check.items.lp_burned_tip,true,true,sdk-domain-and-legacy-template,legacy-compat,trade.security_check.items.lp_burned_tip,stage-6
extend.trade.security_check.items.mint_renounced,true,true,sdk-domain-and-legacy-template,legacy-compat,trade.security_check.items.mint_renounced,stage-6
extend.trade.security_check.items.mint_renounced_tip,true,true,sdk-domain-and-legacy-template,legacy-compat,trade.security_check.items.mint_renounced_tip,stage-6
extend.trade.security_check.items.no_blacklist,true,true,sdk-domain-and-legacy-template,legacy-compat,trade.security_check.items.no_blacklist,stage-6
extend.trade.security_check.items.no_blacklist_tip,true,true,sdk-domain-and-legacy-template,legacy-compat,trade.security_check.items.no_blacklist_tip,stage-6
extend.trade.security_check.items.no_transfer_fee,true,true,sdk-domain-and-legacy-template,legacy-compat,trade.security_check.items.no_transfer_fee,stage-6
extend.trade.security_check.items.no_transfer_fee_tip,true,true,sdk-domain-and-legacy-template,legacy-compat,trade.security_check.items.no_transfer_fee_tip,stage-6
extend.trade.security_check.items.not_closable,true,true,sdk-domain-and-legacy-template,legacy-compat,trade.security_check.items.not_closable,stage-6
extend.trade.security_check.items.not_closable_tip,true,true,sdk-domain-and-legacy-template,legacy-compat,trade.security_check.items.not_closable_tip,stage-6
extend.trade.security_check.items.not_freezable,true,true,sdk-domain-and-legacy-template,legacy-compat,trade.security_check.items.not_freezable,stage-6
extend.trade.security_check.items.not_freezable_tip,true,true,sdk-domain-and-legacy-template,legacy-compat,trade.security_check.items.not_freezable_tip,stage-6
extend.trade.security_check.items.not_honeypot,true,true,sdk-domain-and-legacy-template,legacy-compat,trade.security_check.items.not_honeypot,stage-6
extend.trade.security_check.items.not_honeypot_tip,true,true,sdk-domain-and-legacy-template,legacy-compat,trade.security_check.items.not_honeypot_tip,stage-6
extend.trade.security_check.items.open_source,true,true,sdk-domain-and-legacy-template,legacy-compat,trade.security_check.items.open_source,stage-6
extend.trade.security_check.items.open_source_tip,true,true,sdk-domain-and-legacy-template,legacy-compat,trade.security_check.items.open_source_tip,stage-6
extend.trade.security_check.items.ownership_renounced,true,true,sdk-domain-and-legacy-template,legacy-compat,trade.security_check.items.ownership_renounced,stage-6
extend.trade.security_check.items.ownership_renounced_tip,true,true,sdk-domain-and-legacy-template,legacy-compat,trade.security_check.items.ownership_renounced_tip,stage-6
extend.trade.security_check.items.security_score,true,true,sdk-domain-and-legacy-template,legacy-compat,trade.security_check.items.security_score,stage-6
extend.trade.security_check.items.security_score_tip,true,true,sdk-domain-and-legacy-template,legacy-compat,trade.security_check.items.security_score_tip,stage-6
extend.trade.security_check.items.tax_rate,true,true,sdk-domain-and-legacy-template,legacy-compat,trade.security_check.items.tax_rate,stage-6
extend.trade.security_check.items.tax_rate_tip,true,true,sdk-domain-and-legacy-template,legacy-compat,trade.security_check.items.tax_rate_tip,stage-6
extend.trade.security_check.items.top10,true,true,sdk-domain-and-legacy-template,legacy-compat,trade.security_check.items.top10,stage-6
extend.trade.security_check.items.top10_tip,true,true,sdk-domain-and-legacy-template,legacy-compat,trade.security_check.items.top10_tip,stage-6
extend.trade.security_check.items.transferable,true,true,sdk-domain-and-legacy-template,legacy-compat,trade.security_check.items.transferable,stage-6
extend.trade.security_check.items.transferable_tip,true,true,sdk-domain-and-legacy-template,legacy-compat,trade.security_check.items.transferable_tip,stage-6
extend.trade.security_check.powered_by,true,true,sdk-domain-and-legacy-template,legacy-compat,trade.security_check.powered_by,stage-6
extend.trade.security_check.review,true,true,sdk-domain-and-legacy-template,legacy-compat,trade.security_check.review,stage-6
extend.trade.security_check.safe,true,true,sdk-domain-and-legacy-template,legacy-compat,trade.security_check.safe,stage-6
extend.trade.security_check.title,true,true,sdk-domain-and-legacy-template,legacy-compat,trade.security_check.title,stage-6
extend.trade.security_check.unknown,true,true,sdk-domain-and-legacy-template,legacy-compat,trade.security_check.unknown,stage-6
extend.trade.security_check.values.average,true,true,sdk-domain-and-legacy-template,legacy-compat,trade.security_check.values.average,stage-6
extend.trade.security_check.values.buy,true,true,sdk-domain-and-legacy-template,legacy-compat,trade.security_check.values.buy,stage-6
extend.trade.security_check.values.high,true,true,sdk-domain-and-legacy-template,legacy-compat,trade.security_check.values.high,stage-6
extend.trade.security_check.values.sell,true,true,sdk-domain-and-legacy-template,legacy-compat,trade.security_check.values.sell,stage-6
extend.trade.sell,true,true,sdk-domain-and-legacy-template,legacy-compat,trade.sell,stage-6
extend.trade.settings.auto_fee,true,true,sdk-domain-and-legacy-template,legacy-compat,trade.settings.auto_fee,stage-6
extend.trade.settings.auto_fee_explained,true,true,sdk-domain-and-legacy-template,legacy-compat,trade.settings.auto_fee_explained,stage-6
extend.trade.settings.buy_settings,true,true,sdk-domain-and-legacy-template,legacy-compat,trade.settings.buy_settings,stage-6
extend.trade.settings.custom_buy_amount,true,true,sdk-domain-and-legacy-template,legacy-compat,trade.settings.custom_buy_amount,stage-6
extend.trade.settings.custom_rpc,true,true,sdk-domain-and-legacy-template,legacy-compat,trade.settings.custom_rpc,stage-6
extend.trade.settings.custom_rpc_error,true,true,sdk-domain-and-legacy-template,legacy-compat,trade.settings.custom_rpc_error,stage-6
extend.trade.settings.custom_rpc_placeholder,true,true,sdk-domain-and-legacy-template,legacy-compat,trade.settings.custom_rpc_placeholder,stage-6
extend.trade.settings.custom_sell_amount,true,true,sdk-domain-and-legacy-template,legacy-compat,trade.settings.custom_sell_amount,stage-6
extend.trade.settings.max_auto_fee,true,true,sdk-domain-and-legacy-template,legacy-compat,trade.settings.max_auto_fee,stage-6
extend.trade.settings.mev,true,true,sdk-domain-and-legacy-template,legacy-compat,trade.settings.mev,stage-6
extend.trade.settings.mev_explained,true,true,sdk-domain-and-legacy-template,legacy-compat,trade.settings.mev_explained,stage-6
extend.trade.settings.mev_off,true,true,sdk-domain-and-legacy-template,legacy-compat,trade.settings.mev_off,stage-6
extend.trade.settings.mev_off_abbr,true,true,sdk-domain-and-legacy-template,legacy-compat,trade.settings.mev_off_abbr,stage-6
extend.trade.settings.mev_off_explained,true,true,sdk-domain-and-legacy-template,legacy-compat,trade.settings.mev_off_explained,stage-6
extend.trade.settings.mev_reduced,true,true,sdk-domain-and-legacy-template,legacy-compat,trade.settings.mev_reduced,stage-6
extend.trade.settings.mev_reduced_abbr,true,true,sdk-domain-and-legacy-template,legacy-compat,trade.settings.mev_reduced_abbr,stage-6
extend.trade.settings.mev_reduced_explained,true,true,sdk-domain-and-legacy-template,legacy-compat,trade.settings.mev_reduced_explained,stage-6
extend.trade.settings.mev_secure,true,true,sdk-domain-and-legacy-template,legacy-compat,trade.settings.mev_secure,stage-6
extend.trade.settings.mev_secure_abbr,true,true,sdk-domain-and-legacy-template,legacy-compat,trade.settings.mev_secure_abbr,stage-6
extend.trade.settings.mev_secure_explained,true,true,sdk-domain-and-legacy-template,legacy-compat,trade.settings.mev_secure_explained,stage-6
extend.trade.settings.p1,true,true,sdk-domain-and-legacy-template,legacy-compat,trade.settings.p1,stage-6
extend.trade.settings.p2,true,true,sdk-domain-and-legacy-template,legacy-compat,trade.settings.p2,stage-6
extend.trade.settings.p3,true,true,sdk-domain-and-legacy-template,legacy-compat,trade.settings.p3,stage-6
extend.trade.settings.preset1,true,true,sdk-domain-and-legacy-template,legacy-compat,trade.settings.preset1,stage-6
extend.trade.settings.preset2,true,true,sdk-domain-and-legacy-template,legacy-compat,trade.settings.preset2,stage-6
extend.trade.settings.preset3,true,true,sdk-domain-and-legacy-template,legacy-compat,trade.settings.preset3,stage-6
extend.trade.settings.priority_fee,true,true,sdk-domain-and-legacy-template,legacy-compat,trade.settings.priority_fee,stage-6
extend.trade.settings.priority_fee_explained,true,true,sdk-domain-and-legacy-template,legacy-compat,trade.settings.priority_fee_explained,stage-6
extend.trade.settings.sell_settings,true,true,sdk-domain-and-legacy-template,legacy-compat,trade.settings.sell_settings,stage-6
extend.trade.settings.slippage,true,true,sdk-domain-and-legacy-template,legacy-compat,trade.settings.slippage,stage-6
extend.trade.settings.tip_fee,true,true,sdk-domain-and-legacy-template,legacy-compat,trade.settings.tip_fee,stage-6
extend.trade.settings.tip_fee_explained,true,true,sdk-domain-and-legacy-template,legacy-compat,trade.settings.tip_fee_explained,stage-6
extend.trade.settings.title,true,true,sdk-domain-and-legacy-template,legacy-compat,trade.settings.title,stage-6
extend.trade.title,true,true,sdk-domain-and-legacy-template,legacy-compat,trade.title,stage-6
extend.trade.titles.activities,true,true,sdk-domain-and-legacy-template,legacy-compat,trade.titles.activities,stage-6
extend.trade.titles.dev_tokens,true,true,sdk-domain-and-legacy-template,legacy-compat,trade.titles.dev_tokens,stage-6
extend.trade.titles.holders,true,true,sdk-domain-and-legacy-template,legacy-compat,trade.titles.holders,stage-6
extend.trade.titles.info,true,true,sdk-domain-and-legacy-template,legacy-compat,trade.titles.info,stage-6
extend.trade.titles.top_traders,true,true,sdk-domain-and-legacy-template,legacy-compat,trade.titles.top_traders,stage-6
extend.trade.titles.transactions,true,true,sdk-domain-and-legacy-template,legacy-compat,trade.titles.transactions,stage-6
extend.trade.traders.buys,true,true,sdk-domain-and-legacy-template,legacy-compat,trade.traders.buys,stage-6
extend.trade.traders.sales,true,true,sdk-domain-and-legacy-template,legacy-compat,trade.traders.sales,stage-6
extend.trade.traders.total,true,true,sdk-domain-and-legacy-template,legacy-compat,trade.traders.total,stage-6
extend.trade.transactions.age,true,true,sdk-domain-and-legacy-template,legacy-compat,trade.transactions.age,stage-6
extend.trade.transactions.amount,true,true,sdk-domain-and-legacy-template,legacy-compat,trade.transactions.amount,stage-6
extend.trade.transactions.buys,true,true,sdk-domain-and-legacy-template,legacy-compat,trade.transactions.buys,stage-6
extend.trade.transactions.net_buys,true,true,sdk-domain-and-legacy-template,legacy-compat,trade.transactions.net_buys,stage-6
extend.trade.transactions.price,true,true,sdk-domain-and-legacy-template,legacy-compat,trade.transactions.price,stage-6
extend.trade.transactions.sales,true,true,sdk-domain-and-legacy-template,legacy-compat,trade.transactions.sales,stage-6
extend.trade.transactions.total,true,true,sdk-domain-and-legacy-template,legacy-compat,trade.transactions.total,stage-6
extend.trade.transactions.type,true,true,sdk-domain-and-legacy-template,legacy-compat,trade.transactions.type,stage-6
extend.trade.transactions.value,true,true,sdk-domain-and-legacy-template,legacy-compat,trade.transactions.value,stage-6
extend.trade.tvchart.kline_styles.area,true,true,sdk-domain-and-legacy-template,legacy-compat,trade.tvchart.kline_styles.area,stage-6
extend.trade.tvchart.kline_styles.bar,true,true,sdk-domain-and-legacy-template,legacy-compat,trade.tvchart.kline_styles.bar,stage-6
extend.trade.tvchart.kline_styles.baseline,true,true,sdk-domain-and-legacy-template,legacy-compat,trade.tvchart.kline_styles.baseline,stage-6
extend.trade.tvchart.kline_styles.candles,true,true,sdk-domain-and-legacy-template,legacy-compat,trade.tvchart.kline_styles.candles,stage-6
extend.trade.tvchart.kline_styles.columns,true,true,sdk-domain-and-legacy-template,legacy-compat,trade.tvchart.kline_styles.columns,stage-6
extend.trade.tvchart.kline_styles.helkin_ashi,true,true,sdk-domain-and-legacy-template,legacy-compat,trade.tvchart.kline_styles.helkin_ashi,stage-6
extend.trade.tvchart.kline_styles.high_low,true,true,sdk-domain-and-legacy-template,legacy-compat,trade.tvchart.kline_styles.high_low,stage-6
extend.trade.tvchart.kline_styles.hollow_candles,true,true,sdk-domain-and-legacy-template,legacy-compat,trade.tvchart.kline_styles.hollow_candles,stage-6
extend.trade.tvchart.kline_styles.line,true,true,sdk-domain-and-legacy-template,legacy-compat,trade.tvchart.kline_styles.line,stage-6
extend.trade.tvchart.multicharts,true,true,sdk-domain-and-legacy-template,legacy-compat,trade.tvchart.multicharts,stage-6
extend.trade.tvchart.price_types.market_cap,true,true,sdk-domain-and-legacy-template,legacy-compat,trade.tvchart.price_types.market_cap,stage-6
extend.trade.tvchart.price_types.price,true,true,sdk-domain-and-legacy-template,legacy-compat,trade.tvchart.price_types.price,stage-6
extend.trade.tvchart.snapshot.copy,true,true,sdk-domain-and-legacy-template,legacy-compat,trade.tvchart.snapshot.copy,stage-6
extend.trade.tvchart.snapshot.download,true,true,sdk-domain-and-legacy-template,legacy-compat,trade.tvchart.snapshot.download,stage-6
extend.trade.tvchart.timeframe,true,true,sdk-domain-and-legacy-template,legacy-compat,trade.tvchart.timeframe,stage-6
extend.trade.volume.buys,true,true,sdk-domain-and-legacy-template,legacy-compat,trade.volume.buys,stage-6
extend.trade.volume.sales,true,true,sdk-domain-and-legacy-template,legacy-compat,trade.volume.sales,stage-6
extend.trade.volume.total,true,true,sdk-domain-and-legacy-template,legacy-compat,trade.volume.total,stage-6
